frame,t_sec,track_id,cls,team,x,y
15,0.6,3,player,1,56.22,59.97
15,0.6,2,player,1,81.15,59.2
15,0.6,6,player,1,91.07,45.68
15,0.6,5,player,0,54.13,51.1
15,0.6,1,referee,3,106.21,80.45
15,0.6,8,player,1,83.61,36.46
15,0.6,7,referee,3,71.95,41.03
15,0.6,4,player,1,86.4,27.86
15,0.6,9,player,0,71.54,33.03
15,0.6,12,player,0,48.04,26.86
15,0.6,11,player,0,59.46,32.25
15,0.6,10,player,0,51.79,36.73
20,0.8,2,player,1,81.43,59.23
20,0.8,3,player,1,56.72,60.27
20,0.8,5,player,0,54.77,51.85
20,0.8,8,player,1,83.28,34.44
20,0.8,1,referee,3,106.18,80.39
20,0.8,6,player,1,90.82,46.33
20,0.8,13,player,1,73.27,34.73
20,0.8,10,player,0,51.86,36.38
20,0.8,12,player,0,48.29,27.24
20,0.8,4,player,1,86.38,28.03
20,0.8,11,player,0,59.68,32.56
20,0.8,9,player,0,71.34,33.93
20,0.8,7,referee,3,71.6,40.86
25,1.0,3,player,1,57.26,60.58
25,1.0,6,player,1,90.56,48.05
25,1.0,13,player,1,73.17,35.32
25,1.0,2,player,1,81.9,59.82
25,1.0,1,referee,3,106.09,80.33
25,1.0,8,player,1,83.37,34.49
25,1.0,9,player,0,71.06,34.42
25,1.0,4,player,1,86.48,28.2
25,1.0,7,referee,3,71.14,40.38
25,1.0,12,player,0,48.63,27.81
25,1.0,10,player,0,51.78,36.33
25,1.0,11,player,0,59.78,32.67
25,1.0,14,player,0,52.95,41.38
25,1.0,5,player,0,55.08,52.09
30,1.2,2,player,1,82.24,60.63
30,1.2,1,referee,3,106.03,80.27
30,1.2,3,player,1,57.75,60.64
30,1.2,6,player,1,90.21,48.1
30,1.2,5,player,0,55.78,52.94
30,1.2,13,player,1,73.48,36.59
30,1.2,8,player,1,83.45,34.64
30,1.2,4,player,1,86.72,28.71
30,1.2,10,player,0,51.89,36.65
30,1.2,12,player,0,48.88,28.23
30,1.2,7,referee,3,70.93,40.44
30,1.2,14,player,0,53.19,42.29
30,1.2,11,player,0,60.12,33.4
30,1.2,9,player,0,71.09,35.85
35,1.4,2,player,1,91.5,66.71
35,1.4,8,player,1,95.63,40.78
35,1.4,1,referee,3,96.62,67.03
35,1.4,15,player,1,77.66,68.39
35,1.4,6,player,1,95.93,49.72
35,1.4,5,player,0,78.78,84.23
35,1.4,13,player,1,91.48,48.27
35,1.4,4,player,1,97.61,33.36
35,1.4,10,player,0,78.77,67.13
35,1.4,14,player,0,78.58,73.54
35,1.4,9,player,0,90.33,49.78
35,1.4,16,player,1,84.1,51.89
35,1.4,11,player,0,85.16,54.26
35,1.4,7,referee,3,89.55,54.05
35,1.4,12,player,0,78.22,57.46
40,1.6,6,player,1,95.98,49.8
40,1.6,8,player,1,95.72,40.83
40,1.6,2,player,1,91.57,67.0
40,1.6,15,player,1,77.4,68.55
40,1.6,13,player,1,91.47,49.14
40,1.6,7,referee,3,89.42,54.14
40,1.6,9,player,0,90.12,50.38
40,1.6,4,player,1,97.72,33.73
40,1.6,17,player,0,85.48,45.45
40,1.6,19,player,1,75.65,52.77
40,1.6,1,referee,3,96.65,66.98
40,1.6,10,player,0,78.59,67.3
40,1.6,14,player,0,78.42,74.25
40,1.6,12,player,0,78.21,57.82
40,1.6,16,player,1,83.93,52.07
40,1.6,18,player,0,96.89,32.7
40,1.6,11,player,0,85.16,55.0
45,1.8,2,player,1,70.13,48.91
45,1.8,13,player,1,82.97,38.11
45,1.8,8,player,1,89.2,34.54
45,1.8,12,player,0,76.62,37.17
45,1.8,10,player,0,67.92,44.92
45,1.8,1,referee,3,71.22,49.65
45,1.8,17,player,0,87.7,31.62
45,1.8,9,player,0,81.42,38.81
45,1.8,15,player,1,66.93,45.09
45,1.8,16,player,1,81.94,35.71
45,1.8,14,player,0,62.07,49.85
45,1.8,11,player,0,78.98,38.86
45,1.8,7,referee,3,79.7,40.06
50,2.0,13,player,1,82.05,39.65
50,2.0,8,player,1,88.45,35.38
50,2.0,16,player,1,81.19,36.91
50,2.0,2,player,1,70.84,50.49
50,2.0,12,player,0,75.75,38.82
50,2.0,1,referee,3,72.73,50.45
50,2.0,14,player,0,62.63,52.07
50,2.0,9,referee,3,79.62,41.18
50,2.0,11,player,0,78.36,40.4
50,2.0,15,player,1,67.3,46.71
50,2.0,10,player,0,67.71,47.02
50,2.0,17,player,0,86.67,32.42
55,2.2,14,player,0,62.28,53.19
55,2.2,2,player,1,70.53,51.26
55,2.2,9,referee,3,79.13,41.84
55,2.2,21,player,1,99.13,24.03
55,2.2,17,player,0,86.47,32.79
55,2.2,15,player,1,67.45,47.11
55,2.2,11,player,0,78.01,41.1
55,2.2,16,player,1,80.86,37.51
55,2.2,1,referee,3,72.52,51.01
55,2.2,10,player,0,67.38,47.97
55,2.2,13,player,1,81.72,40.18
55,2.2,12,player,0,75.01,40.01
55,2.2,8,player,1,88.17,35.72
55,2.2,20,player,0,85.56,29.57
60,2.4,2,player,1,70.18,51.65
60,2.4,22,player,1,81.32,42.34
60,2.4,1,referee,3,73.06,50.67
60,2.4,14,player,0,61.78,53.57
60,2.4,13,player,1,81.07,40.77
60,2.4,17,player,0,86.3,32.8
60,2.4,8,player,1,88.02,35.83
60,2.4,21,player,1,99.06,23.79
60,2.4,16,player,1,80.6,37.63
60,2.4,10,player,0,67.07,48.2
60,2.4,11,player,0,77.6,41.45
60,2.4,12,player,0,74.43,40.32
60,2.4,9,referee,3,79.0,41.86
60,2.4,20,player,0,84.86,29.92
60,2.4,15,player,1,68.0,46.32
65,2.6,2,player,1,66.97,40.73
65,2.6,9,referee,3,78.09,35.98
65,2.6,22,player,1,80.48,35.85
65,2.6,13,player,1,80.43,35.33
65,2.6,1,referee,3,70.23,40.01
65,2.6,12,player,0,74.23,36.07
65,2.6,16,player,1,80.45,34.38
65,2.6,8,player,1,88.78,32.55
65,2.6,20,player,0,85.2,31.73
65,2.6,11,player,0,76.57,36.14
65,2.6,4,player,0,95.04,30.21
65,2.6,15,player,1,69.27,37.83
65,2.6,7,player,0,77.32,36.21
65,2.6,21,player,1,100.15,27.65
65,2.6,14,player,0,59.31,42.11
65,2.6,17,player,0,85.86,32.46
70,2.8,22,player,1,79.99,35.94
70,2.8,2,player,1,65.79,40.78
70,2.8,14,player,0,57.97,42.29
70,2.8,16,player,1,79.32,34.88
70,2.8,13,player,1,79.06,35.79
70,2.8,1,referee,3,69.2,40.02
70,2.8,21,player,1,100.3,28.0
70,2.8,17,player,0,84.86,33.02
70,2.8,20,player,0,83.37,32.71
70,2.8,7,player,0,76.07,36.56
70,2.8,11,player,0,75.44,36.53
70,2.8,9,referee,3,77.04,36.3
70,2.8,15,player,1,66.48,38.93
70,2.8,8,player,1,88.2,32.87
70,2.8,12,player,0,72.87,36.58
70,2.8,4,player,0,94.5,30.65
75,3.0,2,player,1,65.3,41.32
75,3.0,22,player,1,79.44,36.3
75,3.0,13,player,1,78.3,36.27
75,3.0,24,player,0,79.59,36.1
75,3.0,16,player,1,78.71,35.37
75,3.0,23,player,1,93.57,31.03
75,3.0,11,player,0,74.87,37.04
75,3.0,14,player,0,56.95,43.26
75,3.0,12,player,0,71.48,37.51
75,3.0,9,referee,3,76.23,36.81
75,3.0,20,player,0,82.46,33.28
75,3.0,21,player,1,99.67,28.13
75,3.0,1,referee,3,69.07,40.33
75,3.0,15,player,1,65.41,39.82
75,3.0,17,player,0,84.41,33.38
75,3.0,4,player,0,93.8,30.87
80,3.2,25,player,0,55.49,44.59
80,3.2,2,player,1,65.72,41.4
80,3.2,22,player,1,80.03,36.09
80,3.2,24,player,0,79.64,36.05
80,3.2,15,player,1,66.54,39.24
80,3.2,9,referee,3,76.59,36.57
80,3.2,14,player,0,57.16,43.32
80,3.2,1,referee,3,69.38,40.45
80,3.2,17,player,0,84.98,32.85
80,3.2,13,player,1,78.18,36.25
80,3.2,12,player,0,72.2,36.97
80,3.2,21,player,1,99.75,27.59
80,3.2,20,player,0,82.33,32.9
80,3.2,11,player,0,75.53,36.64
80,3.2,26,referee,3,116.12,18.66
80,3.2,23,player,1,93.52,30.79
85,3.4,25,player,0,54.48,45.24
85,3.4,22,player,1,79.7,36.38
85,3.4,2,player,1,65.73,41.62
85,3.4,23,player,1,93.39,30.91
85,3.4,1,referee,3,68.69,40.92
85,3.4,15,player,1,66.18,39.57
85,3.4,16,player,1,78.92,35.18
85,3.4,13,player,1,77.84,36.53
85,3.4,20,player,0,82.08,33.14
85,3.4,9,referee,3,76.17,36.85
85,3.4,11,player,0,74.57,37.2
85,3.4,14,player,0,56.41,43.86
85,3.4,4,player,0,93.76,30.69
85,3.4,12,player,0,71.65,37.37
85,3.4,27,player,1,76.97,35.13
85,3.4,21,player,1,99.04,27.89
85,3.4,17,player,0,85.06,32.93
85,3.4,24,player,0,79.01,36.44
85,3.4,26,referee,3,114.84,19.23
90,3.6,22,player,1,91.89,51.22
90,3.6,2,player,1,82.27,63.7
90,3.6,25,player,0,59.09,59.56
90,3.6,15,player,1,42.12,40.85
90,3.6,24,player,0,81.56,49.8
90,3.6,13,player,1,67.76,44.97
90,3.6,14,player,0,48.57,51.13
90,3.6,23,player,1,83.27,33.22
90,3.6,12,player,0,41.34,37.9
90,3.6,17,player,0,51.43,33.76
90,3.6,7,referee,3,59.23,43.09
90,3.6,4,player,0,80.36,32.18
90,3.6,20,player,0,39.99,32.04
90,3.6,11,player,0,54.07,41.94
90,3.6,26,referee,3,32.18,16.98
90,3.6,21,player,1,57.76,24.81
95,3.8,2,player,1,82.42,63.25
95,3.8,22,player,1,91.85,51.39
95,3.8,25,player,0,59.5,59.72
95,3.8,7,referee,3,57.83,42.49
95,3.8,14,player,0,48.57,51.2
95,3.8,15,player,1,41.41,40.44
95,3.8,11,player,0,53.5,41.59
95,3.8,20,player,0,39.35,31.46
95,3.8,12,player,0,40.81,37.58
95,3.8,17,player,0,51.36,33.72
100,4.0,22,player,1,65.85,54.41
100,4.0,2,player,1,65.55,54.24
100,4.0,25,player,0,65.27,52.46
100,4.0,15,player,1,64.87,46.91
100,4.0,12,player,0,64.81,45.43
100,4.0,14,player,0,65.1,50.64
100,4.0,4,player,1,66.27,50.79
100,4.0,7,referee,3,65.29,49.78
100,4.0,27,player,1,64.76,43.75
100,4.0,20,player,0,64.64,40.87
105,4.2,28,player,1,54.55,46.91
105,4.2,2,player,1,64.95,43.52
105,4.2,14,player,0,53.82,46.92
105,4.2,15,player,1,63.08,41.44
105,4.2,25,player,0,54.89,47.33
105,4.2,27,player,1,72.74,36.77
105,4.2,20,player,0,77.89,34.08
110,4.4,25,player,0,65.54,49.14
110,4.4,28,player,1,65.89,48.36
110,4.4,15,player,1,67.28,45.13
110,4.4,14,player,0,66.08,47.96
110,4.4,27,player,1,68.4,42.38
110,4.4,18,player,0,70.08,32.63
115,4.6,28,player,1,63.49,67.78
115,4.6,29,player,0,60.81,61.87
115,4.6,14,player,0,60.74,67.58
115,4.6,11,referee,3,78.04,55.79
115,4.6,18,player,1,104.08,43.07
120,4.8,14,player,0,59.56,57.68
120,4.8,15,player,0,56.22,55.42
120,4.8,28,player,1,59.86,58.0
120,4.8,18,player,1,50.88,59.91
120,4.8,11,referee,3,57.9,57.37
125,5.0,30,referee,3,63.65,60.21
125,5.0,14,player,0,61.72,58.17
125,5.0,31,player,0,61.7,58.28
125,5.0,28,player,0,61.96,58.41
125,5.0,32,player,0,59.12,56.06
125,5.0,15,player,0,59.75,56.38
125,5.0,18,player,1,59.69,57.48
125,5.0,27,player,0,58.46,55.27
130,5.2,28,player,1,56.2,58.72
130,5.2,33,player,1,75.37,40.97
130,5.2,34,player,1,90.76,53.36
130,5.2,30,referee,3,102.45,70.04
130,5.2,35,player,1,67.84,49.36
130,5.2,14,player,0,51.61,55.99
130,5.2,32,player,0,51.34,35.65
130,5.2,36,player,1,41.64,42.95
130,5.2,11,referee,3,55.46,45.64
130,5.2,27,player,0,40.23,35.1
130,5.2,15,player,0,39.71,40.22
135,5.4,14,player,0,48.47,57.73
135,5.4,33,player,1,75.24,40.1
135,5.4,38,player,1,45.5,36.81
135,5.4,9,player,0,60.6,52.06
135,5.4,28,player,1,52.92,60.72
135,5.4,30,referee,3,103.09,74.47
135,5.4,37,player,0,39.51,44.74
135,5.4,15,player,0,37.51,38.54
135,5.4,18,player,0,77.94,33.39
135,5.4,36,player,1,38.74,41.33
135,5.4,11,referee,3,53.04,44.59
135,5.4,32,player,0,50.93,34.36
140,5.6,39,player,1,74.0,64.08
140,5.6,30,referee,3,102.76,72.87
140,5.6,33,player,1,75.18,40.38
140,5.6,28,player,1,52.1,61.43
140,5.6,40,player,1,51.49,25.51
140,5.6,11,referee,3,51.82,45.32
140,5.6,37,player,0,37.88,45.28
140,5.6,36,player,1,37.32,42.14
140,5.6,20,player,0,37.6,33.64
140,5.6,15,player,0,35.8,39.06
145,5.8,37,player,0,36.51,44.78
145,5.8,39,player,1,71.76,64.09
145,5.8,30,referee,3,102.77,75.0
145,5.8,33,player,1,74.93,40.19
145,5.8,36,player,1,36.19,41.54
145,5.8,40,player,1,51.57,24.51
145,5.8,23,player,1,80.2,32.28
145,5.8,15,player,0,34.83,38.22
145,5.8,11,referee,3,50.71,45.07
145,5.8,20,player,0,37.06,32.4
150,6.0,33,player,1,74.84,40.85
150,6.0,30,referee,3,103.12,74.18
150,6.0,39,player,1,71.15,62.35
150,6.0,13,player,1,67.4,51.73
150,6.0,36,player,1,36.19,42.19
150,6.0,40,player,1,50.36,24.8
150,6.0,32,player,0,49.44,35.27
150,6.0,11,referee,3,50.59,45.39
150,6.0,23,player,1,80.04,32.4
150,6.0,20,player,0,36.9,33.36
150,6.0,15,player,0,34.56,38.73
155,6.2,30,referee,3,102.59,75.44
155,6.2,42,player,1,90.44,55.68
155,6.2,41,player,0,47.32,61.37
155,6.2,13,player,1,67.34,52.11
155,6.2,15,player,0,34.52,38.98
155,6.2,43,player,1,43.82,37.32
155,6.2,36,player,1,35.65,42.32
155,6.2,32,player,0,49.28,35.56
155,6.2,20,player,0,37.27,33.65
155,6.2,39,player,1,69.65,62.05
155,6.2,40,player,1,50.15,24.62
155,6.2,44,player,1,40.7,39.65
155,6.2,33,player,1,74.21,41.2
155,6.2,23,player,1,80.07,32.69
155,6.2,11,referee,3,49.97,45.37
155,6.2,26,referee,3,30.71,14.97
160,6.4,13,player,1,67.84,52.74
160,6.4,33,player,1,73.5,41.05
160,6.4,30,referee,3,102.26,75.45
160,6.4,45,goalkeeper,2,16.07,41.03
160,6.4,41,player,0,47.68,61.8
160,6.4,20,player,0,36.81,33.6
160,6.4,42,player,1,90.03,55.73
160,6.4,36,player,1,35.38,42.67
160,6.4,43,player,1,43.62,37.47
160,6.4,44,player,1,40.87,40.69
160,6.4,15,player,0,34.03,39.16
160,6.4,46,player,0,78.19,34.89
160,6.4,32,player,0,48.95,35.9
160,6.4,11,referee,3,49.72,45.79
160,6.4,39,player,1,68.28,61.08
160,6.4,23,player,1,79.93,32.58
160,6.4,26,referee,3,30.34,15.04
165,6.6,45,goalkeeper,2,16.26,41.28
165,6.6,32,player,0,48.77,36.3
165,6.6,30,referee,3,102.17,75.53
165,6.6,42,player,1,89.56,55.92
165,6.6,13,player,1,68.47,53.27
165,6.6,41,player,0,48.09,62.03
165,6.6,20,player,0,36.76,33.92
165,6.6,36,player,1,35.43,43.22
165,6.6,43,player,1,43.53,37.7
165,6.6,15,player,0,33.84,39.55
165,6.6,44,player,1,40.93,41.39
165,6.6,39,player,1,67.42,61.34
165,6.6,11,referee,3,49.58,45.73
165,6.6,26,referee,3,30.1,15.04
165,6.6,23,player,1,79.79,32.61
170,6.8,30,referee,3,102.23,74.34
170,6.8,13,player,1,69.3,53.0
170,6.8,41,player,0,49.33,61.9
170,6.8,42,player,1,89.78,55.74
170,6.8,47,player,0,35.89,46.91
170,6.8,20,player,0,36.72,34.47
170,6.8,44,player,1,41.17,42.12
170,6.8,36,player,1,35.51,43.24
170,6.8,45,goalkeeper,2,16.43,41.28
170,6.8,43,player,1,43.13,37.68
170,6.8,32,player,0,48.32,36.52
170,6.8,23,player,1,79.64,32.85
170,6.8,18,player,0,76.96,36.2
170,6.8,39,player,1,66.42,59.44
170,6.8,15,player,0,33.75,39.75
170,6.8,26,referee,3,28.78,15.41
170,6.8,11,player,0,49.61,45.43
175,7.0,13,player,1,69.62,52.81
175,7.0,30,referee,3,101.87,74.02
175,7.0,45,goalkeeper,2,16.27,40.94
175,7.0,49,player,1,54.54,65.02
175,7.0,42,player,1,90.06,56.26
175,7.0,48,player,0,62.97,59.01
175,7.0,41,player,0,49.56,61.68
175,7.0,20,player,0,36.47,34.1
175,7.0,32,player,0,48.15,36.81
175,7.0,47,player,0,35.76,46.55
175,7.0,44,player,1,41.33,42.68
175,7.0,4,player,1,79.89,32.88
175,7.0,36,player,1,35.41,43.01
175,7.0,43,player,1,43.21,37.97
175,7.0,39,player,1,64.95,57.6
175,7.0,18,player,0,76.35,36.39
175,7.0,15,player,0,33.55,39.45
175,7.0,11,referee,3,49.61,45.38
175,7.0,26,referee,3,28.71,15.47
180,7.2,30,referee,3,101.58,74.13
180,7.2,49,player,1,53.97,64.53
180,7.2,47,player,0,36.32,46.7
180,7.2,48,player,0,62.05,58.5
180,7.2,42,player,1,90.2,56.2
180,7.2,4,player,1,80.19,32.82
180,7.2,39,player,1,64.71,58.08
180,7.2,41,player,0,49.71,61.55
180,7.2,44,player,1,41.28,43.12
180,7.2,20,player,0,36.69,34.29
180,7.2,36,player,1,35.36,42.82
180,7.2,32,player,0,47.87,36.67
180,7.2,43,player,1,43.03,38.0
180,7.2,45,goalkeeper,2,16.38,40.99
180,7.2,11,referee,3,49.64,45.33
180,7.2,15,player,0,33.68,39.62
180,7.2,26,referee,3,28.64,15.37
185,7.4,30,referee,3,101.53,74.21
185,7.4,48,player,0,61.22,58.41
185,7.4,49,player,1,53.41,64.38
185,7.4,42,player,1,90.82,56.45
185,7.4,36,player,1,35.5,42.89
185,7.4,41,player,0,49.72,61.52
185,7.4,47,player,0,36.75,46.94
185,7.4,4,player,1,80.58,33.38
185,7.4,44,player,1,41.52,43.96
185,7.4,39,player,1,64.3,58.4
185,7.4,20,player,0,36.63,34.11
185,7.4,43,player,1,42.81,38.07
185,7.4,32,player,0,47.58,36.51
185,7.4,45,goalkeeper,2,16.41,41.15
185,7.4,11,referee,3,49.81,45.63
185,7.4,15,player,0,33.94,39.77
185,7.4,26,referee,3,28.68,15.42
190,7.6,45,goalkeeper,2,16.42,40.92
190,7.6,30,referee,3,101.57,74.15
190,7.6,42,player,1,90.95,56.22
190,7.6,48,player,0,60.24,58.05
190,7.6,49,player,1,52.61,63.93
190,7.6,39,player,1,63.4,57.98
190,7.6,4,player,1,80.76,32.84
190,7.6,41,player,0,49.0,60.86
190,7.6,50,player,0,66.88,62.45
190,7.6,44,player,1,41.63,44.36
190,7.6,43,player,1,42.61,37.97
190,7.6,47,player,0,37.32,47.07
190,7.6,32,player,0,47.48,36.55
190,7.6,13,player,0,69.36,52.55
190,7.6,36,player,1,35.61,42.8
190,7.6,20,player,0,36.65,33.84
190,7.6,15,player,0,34.03,39.52
190,7.6,26,referee,3,28.87,15.29
190,7.6,11,referee,3,49.57,45.13
195,7.8,45,goalkeeper,2,16.32,40.89
195,7.8,33,player,0,73.47,38.4
195,7.8,49,player,1,52.09,63.82
195,7.8,4,player,1,81.0,32.76
195,7.8,48,player,0,59.25,58.03
195,7.8,50,player,0,67.22,62.61
195,7.8,30,referee,3,101.66,74.29
195,7.8,44,player,1,42.01,45.47
195,7.8,39,player,1,62.8,58.12
195,7.8,13,player,0,69.85,52.69
195,7.8,38,player,1,42.59,38.25
195,7.8,41,player,0,48.91,61.11
195,7.8,20,player,0,36.82,34.03
195,7.8,32,player,0,47.44,36.58
195,7.8,47,player,0,37.77,46.97
195,7.8,11,referee,3,49.65,45.26
195,7.8,36,player,1,36.05,42.88
195,7.8,42,player,1,91.49,56.13
195,7.8,26,referee,3,29.15,15.21
195,7.8,15,player,0,34.52,39.79
200,8.0,45,goalkeeper,2,16.1,40.77
200,8.0,39,player,1,61.52,57.97
200,8.0,42,player,1,91.26,56.26
200,8.0,4,player,1,81.21,32.74
200,8.0,30,referee,3,101.18,75.54
200,8.0,50,player,0,67.13,62.99
200,8.0,49,player,1,50.62,63.96
200,8.0,13,player,0,69.67,52.35
200,8.0,20,player,0,37.04,33.72
200,8.0,11,referee,3,49.67,45.48
200,8.0,32,player,0,47.24,36.2
200,8.0,36,player,1,36.16,42.75
200,8.0,47,player,0,38.25,47.49
200,8.0,26,referee,3,30.31,15.21
200,8.0,15,player,0,35.37,40.6
205,8.2,39,player,1,62.87,56.33
205,8.2,4,player,1,80.89,33.04
205,8.2,30,referee,3,103.13,72.61
205,8.2,45,goalkeeper,2,18.07,40.23
205,8.2,49,player,1,53.05,61.36
205,8.2,42,player,1,92.53,54.85
205,8.2,20,player,0,37.09,33.86
205,8.2,32,player,0,47.21,36.05
205,8.2,11,referee,3,50.89,44.79
205,8.2,51,player,1,73.55,53.53
205,8.2,47,player,0,40.63,46.65
205,8.2,36,player,1,37.43,42.03
205,8.2,15,player,0,36.01,39.29
205,8.2,13,player,0,71.14,51.26
205,8.2,26,referee,3,28.09,15.81
210,8.4,50,player,0,69.36,59.53
210,8.4,4,player,1,81.15,32.87
210,8.4,45,goalkeeper,2,18.35,40.35
210,8.4,30,referee,3,103.27,72.55
210,8.4,39,player,1,62.36,56.16
210,8.4,42,player,1,92.83,54.72
210,8.4,49,player,1,52.45,60.94
210,8.4,20,player,0,37.08,33.62
210,8.4,47,player,0,41.22,46.71
210,8.4,51,player,1,74.24,54.22
210,8.4,15,player,0,36.6,39.27
210,8.4,11,referee,3,51.12,44.61
210,8.4,36,player,1,37.53,41.7
210,8.4,13,player,0,71.33,51.19
210,8.4,26,referee,3,28.48,15.67
210,8.4,32,player,0,47.47,36.07
215,8.6,11,referee,3,51.5,44.73
215,8.6,9,player,0,57.81,56.63
215,8.6,42,player,1,93.22,54.63
215,8.6,30,referee,3,103.38,72.51
215,8.6,39,player,1,61.52,55.9
215,8.6,50,player,0,69.82,59.43
215,8.6,49,player,1,52.04,60.69
215,8.6,51,player,1,74.48,54.53
215,8.6,20,player,0,36.96,33.37
215,8.6,4,player,1,81.58,32.89
215,8.6,32,player,0,47.86,36.16
215,8.6,45,goalkeeper,2,18.37,40.42
215,8.6,47,player,0,41.88,46.85
215,8.6,36,player,1,38.05,42.07
215,8.6,12,player,0,37.61,40.07
215,8.6,13,player,0,71.31,50.67
220,8.8,49,player,1,51.61,60.39
220,8.8,30,referee,3,103.54,72.52
220,8.8,39,player,1,61.14,56.05
220,8.8,45,goalkeeper,2,18.49,40.34
220,8.8,42,player,1,93.35,54.12
220,8.8,4,player,1,81.74,32.69
220,8.8,43,player,1,42.11,37.38
220,8.8,20,player,0,37.1,33.32
220,8.8,9,player,0,57.09,56.5
220,8.8,51,player,1,74.75,54.76
220,8.8,50,player,0,69.94,58.95
220,8.8,11,referee,3,51.68,44.65
220,8.8,32,player,0,47.91,36.08
220,8.8,13,player,0,71.64,50.85
220,8.8,47,player,0,42.4,47.2
225,9.0,39,player,1,59.32,57.39
225,9.0,9,player,0,54.87,57.81
225,9.0,45,goalkeeper,2,18.01,39.69
225,9.0,30,referee,3,102.57,76.71
225,9.0,42,player,1,92.55,55.64
225,9.0,4,player,1,82.52,32.04
225,9.0,49,player,1,49.1,62.15
225,9.0,51,player,1,74.02,56.65
225,9.0,43,player,1,42.18,36.44
225,9.0,20,player,0,37.77,32.34
225,9.0,15,player,1,38.73,42.5
225,9.0,13,player,0,71.09,52.01
225,9.0,32,player,0,48.25,34.94
225,9.0,47,player,1,42.78,48.22
225,9.0,11,referee,3,51.59,44.68
230,9.2,11,referee,3,51.91,44.75
230,9.2,39,player,1,58.62,57.42
230,9.2,4,player,1,82.78,31.79
230,9.2,30,referee,3,102.76,76.83
230,9.2,42,player,1,91.89,54.36
230,9.2,9,player,0,54.53,57.79
230,9.2,54,player,1,66.91,42.4
230,9.2,50,player,0,68.66,59.5
230,9.2,49,player,1,48.64,61.65
230,9.2,53,player,0,45.33,58.24
230,9.2,15,player,1,38.55,41.9
230,9.2,51,player,1,74.08,56.72
230,9.2,43,player,1,42.22,36.59
230,9.2,47,player,1,43.43,48.98
230,9.2,13,player,0,70.95,51.48
230,9.2,45,goalkeeper,2,17.95,39.55
230,9.2,32,player,0,48.5,35.01
235,9.4,39,player,1,59.49,55.6
235,9.4,42,player,1,91.56,51.23
235,9.4,45,goalkeeper,2,18.82,40.01
235,9.4,53,player,0,46.24,55.37
235,9.4,30,referee,3,103.92,72.41
235,9.4,54,player,1,66.87,42.22
235,9.4,9,player,0,55.56,56.06
235,9.4,49,player,1,50.56,59.39
235,9.4,50,player,0,70.11,57.33
235,9.4,51,player,1,75.09,55.02
235,9.4,43,player,1,41.76,36.59
235,9.4,11,referee,3,52.64,44.41
235,9.4,55,player,1,40.25,23.34
235,9.4,44,player,1,44.92,48.75
235,9.4,4,player,1,82.57,31.92
235,9.4,13,player,0,71.6,50.32
235,9.4,15,player,1,38.73,41.32
240,9.6,45,goalkeeper,2,19.14,40.08
240,9.6,39,player,1,58.96,55.55
240,9.6,51,player,1,75.36,55.12
240,9.6,9,player,0,55.19,55.95
240,9.6,53,player,0,46.32,55.44
240,9.6,50,player,0,69.96,56.59
240,9.6,4,player,1,82.79,31.8
240,9.6,49,player,1,50.31,59.31
240,9.6,11,referee,3,53.02,44.37
240,9.6,44,player,1,45.37,49.25
240,9.6,42,player,1,91.12,50.85
240,9.6,15,player,1,39.42,41.78
240,9.6,43,player,1,41.75,36.37
240,9.6,55,player,1,40.15,23.33
240,9.6,52,player,0,69.73,38.48
240,9.6,30,referee,3,104.15,72.53
240,9.6,13,player,0,71.53,50.0
245,9.8,30,referee,3,104.16,72.71
245,9.8,39,player,1,58.53,55.58
245,9.8,51,player,1,75.45,55.02
245,9.8,45,goalkeeper,2,19.18,39.96
245,9.8,42,player,1,91.03,50.64
245,9.8,52,player,0,69.83,38.16
245,9.8,9,player,0,54.47,55.66
245,9.8,4,player,1,82.76,31.22
245,9.8,49,player,1,49.84,58.89
245,9.8,53,player,0,45.66,54.48
245,9.8,15,player,1,39.9,42.03
245,9.8,55,player,1,40.23,23.11
245,9.8,47,player,1,45.82,49.34
245,9.8,7,player,0,39.32,37.92
245,9.8,13,player,0,71.5,49.83
245,9.8,11,referee,3,53.38,44.39
250,10.0,30,referee,3,101.85,75.28
250,10.0,45,goalkeeper,2,17.43,39.77
250,10.0,9,player,0,51.68,56.89
250,10.0,39,player,1,55.93,56.7
250,10.0,42,player,1,89.89,50.13
250,10.0,51,player,1,73.86,55.65
250,10.0,50,player,0,67.95,56.24
250,10.0,13,player,0,70.1,50.05
250,10.0,4,player,1,83.23,29.99
250,10.0,53,player,0,42.47,54.61
250,10.0,52,player,0,69.68,37.07
250,10.0,49,player,1,46.74,60.57
250,10.0,47,player,1,44.14,49.87
250,10.0,55,player,1,41.76,21.49
250,10.0,11,referee,3,52.46,44.03
250,10.0,38,player,1,41.57,35.56
255,10.2,45,goalkeeper,2,17.68,39.39
255,10.2,42,player,1,89.76,49.46
255,10.2,54,player,1,65.51,41.48
255,10.2,39,player,1,55.05,56.36
255,10.2,4,player,1,83.45,29.4
255,10.2,30,referee,3,101.94,75.17
255,10.2,51,player,1,73.8,55.34
255,10.2,50,player,0,67.89,55.5
255,10.2,49,player,1,46.04,59.72
255,10.2,13,player,0,69.65,49.19
255,10.2,9,player,0,50.82,56.39
255,10.2,47,player,1,44.24,49.6
255,10.2,38,player,1,41.66,35.34
255,10.2,56,player,0,48.34,33.83
255,10.2,53,player,0,42.36,54.0
255,10.2,11,referee,3,52.63,43.67
255,10.2,55,player,1,42.28,21.25
260,10.4,45,goalkeeper,2,17.9,39.38
260,10.4,39,player,1,54.66,56.46
260,10.4,42,player,1,89.93,49.31
260,10.4,54,player,1,65.3,41.25
260,10.4,9,player,0,50.48,56.48
260,10.4,49,player,1,45.79,59.6
260,10.4,51,player,1,73.64,54.89
260,10.4,4,player,1,84.35,29.31
260,10.4,53,player,0,42.34,53.43
260,10.4,55,player,1,42.54,20.56
260,10.4,38,player,1,41.51,35.1
260,10.4,13,player,0,69.55,49.27
260,10.4,47,player,1,44.64,49.58
260,10.4,11,referee,3,52.8,43.59
260,10.4,50,player,0,68.0,55.32
260,10.4,56,player,0,48.26,33.41
260,10.4,30,referee,3,102.08,75.2
265,10.6,54,player,1,65.36,41.26
265,10.6,49,player,1,45.73,59.51
265,10.6,4,player,1,84.85,28.76
265,10.6,51,player,1,73.61,54.72
265,10.6,47,player,1,44.81,49.41
265,10.6,39,player,1,54.06,56.2
265,10.6,13,player,0,69.23,48.77
265,10.6,50,player,0,67.91,54.49
265,10.6,57,player,0,38.91,36.02
265,10.6,53,player,0,42.62,53.22
265,10.6,42,player,1,89.96,48.7
265,10.6,55,player,1,42.8,20.18
265,10.6,38,player,1,41.14,34.26
265,10.6,11,referee,3,52.84,43.16
265,10.6,30,referee,3,102.11,74.99
265,10.6,56,player,0,47.97,32.74
265,10.6,9,player,0,49.95,56.18
265,10.6,45,goalkeeper,2,17.66,39.12
270,10.8,42,player,1,90.07,48.16
270,10.8,39,player,1,53.79,56.43
270,10.8,50,player,0,68.17,53.84
270,10.8,4,player,1,85.53,29.39
270,10.8,51,player,1,73.56,54.73
270,10.8,30,referee,3,102.02,74.84
270,10.8,9,player,0,49.54,55.93
270,10.8,49,player,1,45.5,58.96
270,10.8,53,player,0,42.43,52.29
270,10.8,57,player,0,38.89,35.88
270,10.8,54,player,1,64.89,40.7
270,10.8,13,player,0,68.87,48.48
270,10.8,55,player,1,43.45,20.06
270,10.8,11,referee,3,53.06,43.22
270,10.8,47,player,1,45.08,49.42
270,10.8,38,player,1,41.43,34.87
270,10.8,56,player,0,48.17,32.84
270,10.8,58,player,1,40.29,42.46
275,11.0,30,referee,3,104.24,72.09
275,11.0,42,player,1,91.08,47.74
275,11.0,49,player,1,48.64,57.33
275,11.0,4,player,1,85.43,29.4
275,11.0,39,player,1,55.93,55.22
275,11.0,53,player,0,44.94,51.06
275,11.0,51,player,1,74.52,52.85
275,11.0,9,player,0,51.65,54.57
275,11.0,50,player,0,69.83,52.17
275,11.0,54,player,1,65.01,40.75
275,11.0,57,player,0,38.71,35.65
275,11.0,11,referee,3,53.89,42.74
275,11.0,47,player,1,46.8,48.28
275,11.0,13,player,0,69.7,48.06
275,11.0,56,player,0,47.05,32.1
275,11.0,38,player,1,41.35,35.04
275,11.0,55,player,1,41.53,19.84
275,11.0,45,goalkeeper,2,19.17,39.09
275,11.0,58,player,1,41.24,41.89
280,11.2,42,player,1,90.52,47.24
280,11.2,49,player,1,45.05,58.21
280,11.2,51,player,1,72.57,53.25
280,11.2,30,referee,3,102.04,74.83
280,11.2,53,player,0,42.16,50.86
280,11.2,9,player,0,48.15,55.34
280,11.2,4,player,1,86.6,28.55
280,11.2,39,player,1,52.72,56.34
280,11.2,55,player,1,44.72,18.8
280,11.2,50,player,0,68.4,52.63
280,11.2,11,referee,3,52.94,42.18
280,11.2,13,player,0,68.02,47.81
280,11.2,47,player,1,44.89,48.45
280,11.2,54,player,1,64.37,39.98
280,11.2,57,player,0,38.29,34.65
280,11.2,56,player,0,47.71,31.55
280,11.2,45,goalkeeper,2,17.49,38.46
280,11.2,58,player,1,40.37,42.07
285,11.4,49,player,1,44.9,57.9
285,11.4,39,player,1,52.48,56.5
285,11.4,42,player,1,90.76,46.4
285,11.4,4,player,1,87.15,28.7
285,11.4,9,player,0,47.37,54.75
285,11.4,51,player,1,72.19,52.79
285,11.4,45,goalkeeper,2,17.46,38.41
285,11.4,47,player,1,45.03,48.28
285,11.4,50,player,0,68.53,51.5
285,11.4,11,referee,3,53.04,42.02
285,11.4,54,player,1,64.21,39.56
285,11.4,59,player,0,41.44,42.34
285,11.4,57,player,0,38.01,34.12
285,11.4,60,referee,3,34.25,14.53
285,11.4,53,player,0,42.0,50.17
285,11.4,38,player,1,40.81,33.83
285,11.4,56,player,0,47.38,30.67
285,11.4,30,referee,3,102.04,74.66
285,11.4,58,player,1,40.37,41.61
290,11.6,42,player,1,91.7,46.02
290,11.6,49,player,1,47.56,56.33
290,11.6,30,referee,3,104.22,71.98
290,11.6,9,player,0,49.16,53.51
290,11.6,39,player,1,54.0,54.99
290,11.6,54,player,1,64.41,39.07
290,11.6,4,player,1,86.32,29.11
290,11.6,38,player,1,40.62,33.89
290,11.6,45,goalkeeper,2,18.92,38.43
290,11.6,47,player,1,46.59,47.46
290,11.6,50,player,0,70.19,50.47
290,11.6,11,referee,3,53.57,41.38
290,11.6,57,player,0,38.14,34.28
290,11.6,51,player,1,73.3,51.9
290,11.6,59,player,0,42.45,41.88
290,11.6,56,player,0,46.83,30.77
290,11.6,60,referee,3,31.84,15.45
290,11.6,53,player,0,43.8,49.02
295,11.8,39,player,1,52.83,56.24
295,11.8,49,player,1,46.04,56.89
295,11.8,33,player,0,73.37,31.52
295,11.8,42,player,1,91.71,45.92
295,11.8,53,player,0,42.73,49.03
295,11.8,9,player,0,47.55,54.16
295,11.8,54,player,1,64.49,39.15
295,11.8,4,player,1,86.42,29.09
295,11.8,51,player,1,72.03,51.84
295,11.8,11,referee,3,53.4,41.92
295,11.8,45,goalkeeper,2,18.75,39.47
295,11.8,50,player,0,69.64,49.92
295,11.8,30,referee,3,102.41,72.55
295,11.8,38,player,1,40.72,34.41
295,11.8,47,player,1,45.97,48.04
295,11.8,32,player,0,49.98,38.06
295,11.8,57,player,0,38.39,34.94
295,11.8,59,player,0,41.71,41.96
295,11.8,60,referee,3,33.06,15.75
295,11.8,56,player,0,47.25,31.1
295,11.8,58,player,1,41.36,42.27
300,12.0,30,referee,3,103.41,74.95
300,12.0,39,player,1,53.08,56.68
300,12.0,42,player,1,92.26,46.08
300,12.0,54,player,1,65.13,38.65
300,12.0,9,player,0,47.45,54.22
300,12.0,49,player,1,46.36,56.93
300,12.0,4,player,1,86.31,28.53
300,12.0,53,player,0,42.95,48.24
300,12.0,11,referee,3,53.91,41.44
300,12.0,32,player,0,50.2,36.93
300,12.0,47,player,1,46.35,47.57
300,12.0,51,player,1,72.08,51.96
300,12.0,38,player,1,41.24,33.29
300,12.0,56,player,0,47.82,29.52
300,12.0,45,goalkeeper,2,19.39,38.33
300,12.0,59,player,0,42.04,40.95
300,12.0,57,player,0,38.89,33.64
300,12.0,50,player,0,70.65,50.49
300,12.0,60,referee,3,34.08,14.21
300,12.0,15,player,1,41.98,41.87
305,12.2,30,referee,3,103.72,75.04
305,12.2,42,player,1,92.66,45.99
305,12.2,57,player,0,38.67,33.19
305,12.2,23,player,0,75.58,30.61
305,12.2,53,player,0,42.6,47.63
305,12.2,56,player,0,48.07,29.15
305,12.2,45,goalkeeper,2,19.39,38.34
305,12.2,38,player,1,41.22,33.19
305,12.2,50,player,1,71.82,51.82
305,12.2,61,player,0,38.47,25.37
305,12.2,32,player,0,50.19,36.66
305,12.2,47,player,1,46.18,47.18
305,12.2,11,referee,3,53.87,40.92
305,12.2,49,player,1,46.27,56.83
305,12.2,59,player,0,41.79,40.59
305,12.2,39,player,1,53.25,57.29
305,12.2,9,player,0,46.86,54.08
305,12.2,15,player,1,42.1,41.96
305,12.2,60,referee,3,34.37,14.63
310,12.4,39,player,1,53.39,57.74
310,12.4,9,player,0,46.32,53.93
310,12.4,30,referee,3,103.99,75.11
310,12.4,42,player,1,92.66,45.8
310,12.4,53,player,0,42.54,47.33
310,12.4,57,player,0,38.9,33.22
310,12.4,38,player,1,41.18,33.14
310,12.4,56,player,0,48.19,28.52
310,12.4,49,player,1,46.01,56.5
310,12.4,32,player,0,50.09,36.38
310,12.4,50,player,0,71.32,49.17
310,12.4,47,player,1,46.13,46.92
310,12.4,11,referee,3,53.96,40.82
310,12.4,61,player,0,38.35,25.17
310,12.4,51,player,1,71.39,51.46
310,12.4,45,goalkeeper,2,19.34,38.4
310,12.4,59,player,1,41.78,40.63
310,12.4,15,player,1,42.2,41.79
315,12.6,30,referee,3,104.23,75.2
315,12.6,39,player,1,53.21,57.66
315,12.6,49,player,1,45.98,56.54
315,12.6,42,player,1,92.7,45.66
315,12.6,9,player,0,45.91,53.78
315,12.6,53,player,0,42.31,46.76
315,12.6,45,goalkeeper,2,19.29,38.25
315,12.6,51,player,1,71.17,51.32
315,12.6,47,player,1,46.21,46.8
315,12.6,32,player,0,50.0,35.92
315,12.6,57,player,0,38.99,33.12
315,12.6,38,player,1,40.85,32.54
315,12.6,11,referee,3,53.92,40.35
315,12.6,50,player,0,71.75,49.26
315,12.6,61,player,0,38.14,24.74
315,12.6,59,player,1,42.03,41.01
315,12.6,58,player,1,42.15,41.41
320,12.8,30,referee,3,104.12,74.6
320,12.8,39,player,1,54.28,57.93
320,12.8,53,player,0,43.0,46.54
320,12.8,49,player,1,47.05,56.41
320,12.8,51,player,1,71.04,50.8
320,12.8,50,player,0,72.08,48.54
320,12.8,42,player,1,92.51,45.67
320,12.8,9,player,0,46.74,54.0
320,12.8,45,goalkeeper,2,20.53,38.65
320,12.8,57,player,0,39.44,33.16
320,12.8,47,player,1,46.9,46.81
320,12.8,38,player,1,41.19,32.78
320,12.8,11,referee,3,54.54,40.7
320,12.8,61,player,0,38.3,25.11
320,12.8,15,player,1,43.42,42.32
320,12.8,32,player,0,50.37,36.08
320,12.8,59,player,0,41.31,38.87
325,13.0,42,player,1,92.28,44.87
325,13.0,30,referee,3,104.48,74.84
325,13.0,9,player,0,45.32,53.51
325,13.0,39,player,1,53.44,58.14
325,13.0,49,player,1,45.63,55.8
325,13.0,45,goalkeeper,2,19.05,38.03
325,13.0,57,player,0,38.88,32.54
325,13.0,51,player,1,70.53,50.53
325,13.0,53,player,0,41.92,45.83
325,13.0,50,player,0,72.02,47.98
325,13.0,38,player,1,40.71,32.34
325,13.0,58,player,1,42.7,42.08
325,13.0,61,player,0,38.06,24.78
325,13.0,59,player,0,41.07,38.91
325,13.0,11,player,1,53.87,39.66
325,13.0,47,player,1,46.17,46.23
330,13.2,42,player,1,92.1,44.67
330,13.2,39,player,1,53.43,58.2
330,13.2,57,player,0,38.67,32.17
330,13.2,51,player,1,70.14,50.07
330,13.2,30,referee,3,104.8,74.71
330,13.2,50,player,0,71.97,47.5
330,13.2,38,player,1,40.61,32.04
330,13.2,47,player,1,46.18,45.96
330,13.2,9,player,0,44.73,53.2
330,13.2,15,player,1,42.64,41.78
330,13.2,61,player,0,37.98,24.83
330,13.2,62,player,0,75.86,26.32
330,13.2,49,player,1,45.71,55.85
330,13.2,45,goalkeeper,2,18.97,38.01
330,13.2,11,referee,3,54.01,39.63
335,13.4,42,player,1,91.73,44.26
335,13.4,63,player,1,66.14,34.94
335,13.4,39,player,1,53.62,58.46
335,13.4,57,player,0,38.21,31.29
335,13.4,47,player,1,46.44,45.89
335,13.4,50,player,0,71.78,47.0
335,13.4,62,player,0,75.75,26.12
335,13.4,53,player,0,41.57,44.84
335,13.4,49,player,1,45.52,55.47
335,13.4,30,referee,3,105.12,74.89
335,13.4,38,player,1,40.49,31.78
335,13.4,61,player,0,37.78,24.37
335,13.4,15,player,1,42.69,41.76
335,13.4,51,player,1,69.69,49.51
335,13.4,9,player,0,44.58,53.12
335,13.4,45,goalkeeper,2,18.86,37.79
335,13.4,11,player,0,53.73,38.79
340,13.6,63,player,1,66.06,34.57
340,13.6,51,player,1,69.28,49.0
340,13.6,39,player,1,53.75,58.59
340,13.6,53,player,0,41.22,43.97
340,13.6,30,referee,3,105.31,75.0
340,13.6,62,player,0,75.32,25.48
340,13.6,47,player,1,46.42,45.43
340,13.6,64,player,1,81.54,23.77
340,13.6,38,player,1,39.97,31.06
340,13.6,50,player,0,71.65,46.55
340,13.6,61,player,0,37.7,24.26
340,13.6,15,player,1,42.66,41.67
340,13.6,57,player,0,38.07,30.95
340,13.6,49,player,1,45.22,54.92
340,13.6,59,player,0,40.71,37.63
340,13.6,11,referee,3,53.78,38.54
340,13.6,45,goalkeeper,2,18.74,37.69
340,13.6,9,player,1,44.35,53.08
340,13.6,42,player,1,91.27,43.68
345,13.8,63,player,1,65.85,33.99
345,13.8,39,player,1,53.87,58.85
345,13.8,42,player,1,90.93,43.44
345,13.8,53,player,0,41.23,43.79
345,13.8,47,player,1,46.54,45.12
345,13.8,51,player,1,68.74,48.3
345,13.8,57,player,0,38.11,31.03
345,13.8,64,player,1,81.4,23.41
345,13.8,38,player,1,39.62,30.65
345,13.8,58,player,1,42.64,41.69
345,13.8,49,player,1,45.14,54.73
345,13.8,50,player,0,71.03,45.44
345,13.8,62,player,0,74.79,24.87
345,13.8,59,player,0,40.4,37.08
345,13.8,45,goalkeeper,2,18.65,37.68
345,13.8,61,player,0,37.57,24.03
345,13.8,9,player,1,42.9,51.5
345,13.8,30,referee,3,105.59,75.04
345,13.8,60,referee,3,34.23,14.88
345,13.8,11,referee,3,53.92,38.34
350,14.0,47,player,1,46.64,44.83
350,14.0,39,player,1,54.03,59.14
350,14.0,42,player,1,90.47,42.94
350,14.0,51,player,1,68.19,47.56
350,14.0,63,player,1,65.37,32.85
350,14.0,53,player,0,40.92,42.88
350,14.0,49,player,1,44.86,54.18
350,14.0,57,player,0,37.58,30.23
350,14.0,65,player,0,49.31,32.53
350,14.0,64,player,1,81.2,22.61
350,14.0,58,player,1,42.56,41.58
350,14.0,38,player,1,39.33,30.3
350,14.0,59,player,0,40.3,36.83
350,14.0,60,referee,3,34.04,14.53
350,14.0,61,player,0,37.61,23.99
350,14.0,45,goalkeeper,2,18.55,37.57
350,14.0,30,referee,3,105.83,74.81
355,14.2,39,player,1,54.09,59.4
355,14.2,42,player,1,90.18,42.9
355,14.2,47,player,1,47.02,44.68
355,14.2,51,player,1,67.81,47.52
355,14.2,53,player,0,40.83,42.9
355,14.2,64,player,1,80.93,22.01
355,14.2,65,player,0,49.29,32.44
355,14.2,57,player,0,37.27,30.19
355,14.2,49,player,1,44.77,53.99
355,14.2,58,player,1,42.32,41.54
355,14.2,63,player,1,65.03,32.74
355,14.2,33,player,1,72.99,24.21
355,14.2,60,referee,3,33.43,14.51
355,14.2,61,player,0,37.23,23.68
355,14.2,38,player,1,38.9,30.23
355,14.2,30,referee,3,105.87,74.93
360,14.4,30,referee,3,104.69,72.78
360,14.4,39,player,1,56.15,59.68
360,14.4,47,player,1,48.48,45.41
360,14.4,49,player,1,47.19,54.4
360,14.4,36,player,1,43.78,42.98
360,14.4,65,player,0,49.78,33.87
360,14.4,64,player,1,79.52,22.28
360,14.4,9,player,0,45.27,52.99
360,14.4,26,referee,3,33.02,17.06
365,14.6,39,player,1,58.59,58.48
365,14.6,49,player,1,49.11,53.3
365,14.6,47,player,1,50.02,45.6
365,14.6,9,player,0,47.13,52.24
365,14.6,13,player,0,68.66,44.39
365,14.6,57,player,1,39.1,33.41
370,14.8,39,player,1,70.95,51.45
370,14.8,47,player,1,67.72,44.83
370,14.8,49,player,1,69.76,48.28
370,14.8,9,player,0,69.45,47.44
370,14.8,53,player,1,66.87,42.35
370,14.8,13,player,0,67.8,48.72
375,15.0,49,player,1,57.17,58.48
375,15.0,39,player,1,57.8,58.87
375,15.0,47,player,1,56.62,57.95
375,15.0,64,player,1,112.38,138.35
375,15.0,9,player,0,57.04,58.41
375,15.0,12,player,0,56.18,57.75
375,15.0,65,player,0,54.32,55.92
380,15.2,39,player,1,54.58,62.01
380,15.2,49,player,1,44.9,53.36
380,15.2,67,player,1,86.9,42.18
380,15.2,66,referee,3,104.13,76.44
380,15.2,47,player,1,49.08,44.02
380,15.2,9,player,0,42.45,51.97
380,15.2,54,player,1,62.78,30.48
380,15.2,68,referee,3,54.44,37.67
380,15.2,12,player,0,41.02,42.37
385,15.4,47,player,1,50.34,44.55
385,15.4,67,player,1,87.39,42.15
385,15.4,49,player,1,47.29,52.43
385,15.4,30,referee,3,105.8,69.82
385,15.4,39,player,1,57.85,59.44
385,15.4,12,player,0,41.74,43.37
385,15.4,9,player,0,44.66,51.31
385,15.4,54,player,1,61.62,32.11
385,15.4,68,referee,3,54.09,38.43
390,15.6,69,player,1,64.08,45.23
390,15.6,30,referee,3,107.33,71.3
390,15.6,49,player,1,45.03,50.82
390,15.6,39,player,1,55.88,58.65
390,15.6,47,player,1,49.07,43.18
390,15.6,52,player,0,63.51,25.82
390,15.6,12,player,0,39.76,41.84
390,15.6,9,player,0,42.58,49.89
390,15.6,67,player,1,87.13,42.22
390,15.6,13,player,0,66.09,41.7
390,15.6,68,referee,3,52.77,37.45
390,15.6,54,player,1,60.52,31.64
395,15.8,39,player,1,55.76,58.97
395,15.8,30,referee,3,107.83,71.62
395,15.8,69,player,1,63.72,44.76
395,15.8,67,player,1,87.51,42.07
395,15.8,9,player,0,42.16,49.51
395,15.8,70,player,0,35.18,31.14
395,15.8,13,player,1,65.87,40.68
395,15.8,68,referee,3,52.87,37.03
395,15.8,47,player,1,49.19,42.58
395,15.8,12,player,0,39.4,41.42
395,15.8,49,player,1,44.53,50.32
395,15.8,54,player,1,60.34,30.87
400,16.0,39,player,1,55.6,59.08
400,16.0,70,player,0,35.33,31.0
400,16.0,49,player,1,44.44,50.18
400,16.0,67,player,1,87.55,41.95
400,16.0,30,referee,3,108.05,71.89
400,16.0,47,player,1,49.59,42.39
400,16.0,69,player,1,63.28,44.33
400,16.0,54,player,1,60.03,30.54
400,16.0,68,referee,3,52.85,36.79
400,16.0,71,player,1,56.27,18.71
400,16.0,12,player,0,39.47,41.52
400,16.0,13,player,0,65.86,40.28
405,16.2,30,referee,3,108.25,71.66
405,16.2,67,player,1,88.06,42.18
405,16.2,39,player,1,55.38,59.05
405,16.2,47,player,1,49.98,42.27
405,16.2,70,player,0,35.42,30.98
405,16.2,49,player,1,44.21,49.92
405,16.2,69,player,1,62.95,44.09
405,16.2,68,referee,3,52.99,36.65
405,16.2,71,player,1,56.38,18.56
405,16.2,12,player,0,39.23,41.34
405,16.2,72,player,0,34.85,25.41
405,16.2,54,player,1,60.09,30.49
410,16.4,67,player,1,88.58,42.37
410,16.4,30,referee,3,108.56,71.77
410,16.4,39,player,1,55.69,59.53
410,16.4,69,player,1,62.63,43.91
410,16.4,68,referee,3,53.23,36.77
410,16.4,47,player,1,50.4,42.35
410,16.4,74,player,0,37.53,37.01
410,16.4,71,player,1,56.43,18.77
410,16.4,49,player,1,44.17,49.85
410,16.4,73,player,1,40.91,42.53
410,16.4,12,player,0,39.27,41.62
410,16.4,72,player,0,34.73,25.48
410,16.4,54,player,1,59.73,29.99
410,16.4,70,player,0,35.54,30.89
415,16.6,47,player,1,50.47,41.84
415,16.6,39,player,1,55.31,59.4
415,16.6,67,player,1,89.51,42.15
415,16.6,69,player,1,62.38,43.54
415,16.6,49,player,1,43.94,49.35
415,16.6,76,player,0,41.87,49.03
415,16.6,30,referee,3,108.75,71.94
415,16.6,75,player,1,36.71,29.66
415,16.6,68,referee,3,53.12,35.97
415,16.6,54,player,1,59.67,29.78
415,16.6,70,player,0,35.72,30.4
415,16.6,74,player,0,37.71,36.81
415,16.6,73,player,1,40.74,42.13
415,16.6,71,player,1,56.34,18.38
415,16.6,72,player,0,35.14,25.37
415,16.6,12,player,0,39.12,41.24
420,16.8,67,player,1,89.92,42.03
420,16.8,49,player,1,43.84,48.97
420,16.8,39,player,1,55.5,59.66
420,16.8,69,player,1,62.1,43.23
420,16.8,78,player,0,53.02,40.71
420,16.8,30,referee,3,108.81,71.94
420,16.8,47,player,1,50.49,41.41
420,16.8,54,player,1,59.7,29.87
420,16.8,74,player,0,37.88,36.64
420,16.8,73,player,1,40.79,42.07
420,16.8,79,player,0,61.99,26.58
420,16.8,77,player,1,82.32,20.38
420,16.8,70,player,0,35.98,30.08
420,16.8,12,player,0,39.13,41.14
420,16.8,72,player,0,35.19,25.03
420,16.8,57,player,1,36.9,29.36
420,16.8,76,player,0,42.03,48.98
420,16.8,71,player,1,56.35,18.58
425,17.0,39,player,1,55.66,59.81
425,17.0,69,player,1,61.58,42.77
425,17.0,67,player,1,90.48,42.16
425,17.0,47,player,1,50.7,41.2
425,17.0,49,player,1,43.95,48.89
425,17.0,30,referee,3,108.89,71.88
425,17.0,70,player,0,36.4,30.13
425,17.0,57,player,1,37.29,29.36
425,17.0,74,player,0,38.32,36.61
425,17.0,73,player,1,40.84,42.01
425,17.0,54,player,1,59.65,29.95
425,17.0,77,player,1,82.28,20.73
425,17.0,68,referee,3,53.59,35.69
425,17.0,78,player,0,52.81,40.6
425,17.0,12,player,0,39.28,41.19
425,17.0,79,player,0,62.32,26.7
425,17.0,76,player,0,41.98,48.79
425,17.0,71,player,1,56.17,18.17
425,17.0,72,player,0,35.55,25.2
430,17.2,39,player,1,55.43,59.8
430,17.2,49,player,1,44.13,48.8
430,17.2,67,player,1,90.96,42.4
430,17.2,69,player,1,61.36,42.69
430,17.2,47,player,1,50.87,41.09
430,17.2,74,player,0,38.64,36.51
430,17.2,30,referee,3,108.91,72.15
430,17.2,79,player,0,62.77,26.97
430,17.2,57,player,1,37.54,29.24
430,17.2,77,player,1,82.13,21.21
430,17.2,73,player,1,40.86,41.88
430,17.2,54,player,1,59.65,29.98
430,17.2,78,player,0,52.38,40.28
430,17.2,68,referee,3,53.71,35.41
430,17.2,76,player,0,42.04,48.72
430,17.2,12,player,0,39.74,41.57
430,17.2,71,player,1,56.05,18.09
430,17.2,72,player,0,35.88,25.31
435,17.4,39,player,1,55.62,59.87
435,17.4,67,player,1,91.54,42.31
435,17.4,30,referee,3,108.91,71.87
435,17.4,69,player,1,60.9,42.21
435,17.4,76,player,0,42.11,48.58
435,17.4,70,player,0,36.95,30.08
435,17.4,47,player,1,50.79,40.67
435,17.4,79,player,0,63.17,26.86
435,17.4,77,player,1,81.58,21.13
435,17.4,73,player,1,40.77,41.66
435,17.4,57,player,1,37.58,29.13
435,17.4,74,player,0,38.97,36.46
435,17.4,68,referee,3,53.82,35.24
435,17.4,78,player,0,52.09,40.22
435,17.4,71,player,1,55.63,17.66
435,17.4,12,player,0,39.63,41.49
435,17.4,54,player,1,59.41,29.79
435,17.4,80,referee,3,29.96,18.09
435,17.4,72,player,0,35.98,25.45
440,17.6,39,player,1,55.9,60.37
440,17.6,69,player,1,60.77,42.12
440,17.6,67,player,1,92.39,42.55
440,17.6,30,referee,3,108.88,71.99
440,17.6,74,player,0,39.36,36.46
440,17.6,47,player,1,50.83,40.67
440,17.6,38,player,1,37.78,28.92
440,17.6,76,player,0,42.23,48.65
440,17.6,68,referee,3,54.01,35.33
440,17.6,79,player,0,63.85,27.02
440,17.6,77,player,1,81.45,21.59
440,17.6,73,player,1,40.77,41.53
440,17.6,12,player,0,39.6,41.51
440,17.6,71,player,1,55.37,17.58
440,17.6,75,player,0,37.07,29.83
440,17.6,78,player,0,51.79,40.19
440,17.6,54,player,1,59.31,29.66
440,17.6,80,referee,3,30.08,17.97
440,17.6,72,player,0,36.14,25.56
445,17.8,39,player,1,55.97,60.44
445,17.8,30,referee,3,108.72,71.99
445,17.8,76,player,0,42.59,48.79
445,17.8,67,player,1,92.86,42.85
445,17.8,69,player,1,60.68,42.16
445,17.8,68,referee,3,54.07,35.32
445,17.8,79,player,0,64.66,27.01
445,17.8,73,player,1,40.92,41.54
445,17.8,74,player,0,39.61,36.42
445,17.8,70,player,0,37.38,29.95
445,17.8,47,player,1,50.62,40.39
445,17.8,12,player,0,39.82,41.78
445,17.8,71,player,1,55.0,17.36
445,17.8,54,player,1,59.51,29.96
445,17.8,38,player,1,37.92,29.02
445,17.8,78,player,0,51.39,39.98
445,17.8,80,referee,3,30.18,18.12
450,18.0,39,player,1,56.38,60.81
450,18.0,30,referee,3,108.6,71.99
450,18.0,67,player,1,93.44,43.02
450,18.0,76,player,0,42.92,49.08
450,18.0,69,player,1,60.42,41.9
450,18.0,74,player,0,40.17,36.58
450,18.0,77,player,1,80.48,22.36
450,18.0,47,player,1,50.43,40.28
450,18.0,78,player,0,51.26,40.04
450,18.0,54,player,1,59.62,30.15
450,18.0,12,player,0,39.93,41.98
450,18.0,71,player,1,54.87,17.52
450,18.0,73,player,1,40.89,41.47
450,18.0,70,player,0,37.95,30.31
450,18.0,68,referee,3,54.26,35.48
450,18.0,80,referee,3,30.42,18.4
450,18.0,72,player,0,36.21,25.71
455,18.2,39,player,1,57.14,62.9
455,18.2,69,player,1,61.12,43.61
455,18.2,67,player,1,93.27,44.28
455,18.2,30,referee,3,106.68,72.93
455,18.2,74,player,0,42.54,39.01
455,18.2,77,player,1,81.0,23.2
455,18.2,47,player,1,51.64,42.19
455,18.2,68,referee,3,55.46,37.28
455,18.2,82,player,0,53.51,32.78
455,18.2,81,player,1,46.53,50.79
455,18.2,54,player,1,60.79,31.72
455,18.2,78,player,0,52.35,42.07
455,18.2,71,player,1,56.34,18.98
455,18.2,12,player,0,42.0,44.44
455,18.2,70,player,0,40.48,32.73
455,18.2,80,referee,3,33.49,20.91
455,18.2,76,player,0,44.91,51.49
455,18.2,72,player,0,39.22,28.72
460,18.4,81,player,1,45.61,49.49
460,18.4,39,player,1,54.98,62.75
460,18.4,69,player,1,60.21,41.91
460,18.4,83,player,0,70.3,40.03
460,18.4,67,player,1,93.41,43.61
460,18.4,30,referee,3,107.09,75.89
460,18.4,76,player,0,44.09,50.35
460,18.4,73,player,1,42.69,41.96
460,18.4,77,player,1,80.47,22.54
460,18.4,82,player,0,53.78,31.44
460,18.4,54,player,1,61.16,30.62
460,18.4,74,player,0,43.1,37.34
460,18.4,68,referee,3,55.34,35.94
460,18.4,70,player,0,41.75,31.63
460,18.4,80,referee,3,36.33,20.2
460,18.4,78,player,0,51.7,40.57
460,18.4,72,player,0,40.68,27.46
465,18.6,69,player,1,60.28,41.81
465,18.6,39,player,1,55.29,63.12
465,18.6,77,player,1,79.69,22.88
465,18.6,67,player,1,93.88,44.13
465,18.6,73,player,1,42.73,41.92
465,18.6,30,referee,3,107.03,75.9
465,18.6,81,player,1,45.61,49.38
465,18.6,76,player,0,44.38,50.43
465,18.6,74,player,0,43.46,37.37
465,18.6,82,player,0,53.86,31.77
465,18.6,54,player,1,61.33,30.34
465,18.6,71,player,1,57.25,18.27
465,18.6,83,player,0,70.51,40.09
465,18.6,68,referee,3,55.32,36.01
465,18.6,70,player,0,41.64,31.56
465,18.6,80,referee,3,36.4,20.31
465,18.6,72,player,0,40.51,27.22
470,18.8,69,player,1,60.32,41.67
470,18.8,39,player,1,55.54,63.47
470,18.8,67,player,1,94.18,44.49
470,18.8,73,player,1,42.73,41.62
470,18.8,12,player,0,42.22,43.43
470,18.8,77,player,1,79.03,23.58
470,18.8,30,referee,3,107.03,75.88
470,18.8,81,player,1,45.88,49.43
470,18.8,76,player,0,44.7,50.67
470,18.8,74,player,0,43.71,37.51
470,18.8,54,player,1,61.8,30.96
470,18.8,71,player,1,57.19,18.29
470,18.8,83,player,0,70.69,40.27
470,18.8,82,player,0,53.78,31.85
470,18.8,68,referee,3,55.36,36.16
470,18.8,70,player,0,41.91,32.25
470,18.8,80,referee,3,36.55,20.47
470,18.8,72,player,0,40.82,27.81
475,19.0,69,player,1,60.28,41.24
475,19.0,39,player,1,55.45,63.3
475,19.0,84,player,1,50.22,40.27
475,19.0,67,player,1,94.55,44.57
475,19.0,30,referee,3,107.08,75.82
475,19.0,73,player,1,42.86,41.43
475,19.0,47,player,0,51.87,40.85
475,19.0,81,player,1,45.94,49.26
475,19.0,12,player,0,42.27,43.28
475,19.0,71,player,1,57.11,18.12
475,19.0,76,player,0,44.76,50.62
475,19.0,83,player,0,70.85,40.71
475,19.0,68,referee,3,55.08,35.98
475,19.0,74,player,0,43.92,37.72
475,19.0,54,player,1,61.91,31.15
475,19.0,70,player,0,41.74,31.64
475,19.0,85,player,1,42.18,30.37
475,19.0,80,referee,3,36.74,20.53
475,19.0,82,player,0,53.76,31.83
475,19.0,72,player,0,40.85,27.78
480,19.2,69,player,1,79.6,39.63
480,19.2,39,player,1,52.86,61.07
480,19.2,67,player,1,86.47,38.0
480,19.2,84,player,1,74.57,40.85
480,19.2,83,player,0,84.18,37.61
480,19.2,73,player,1,65.05,45.43
480,19.2,47,player,0,74.63,41.56
480,19.2,76,player,0,53.13,57.25
480,19.2,12,player,0,60.78,48.98
480,19.2,71,player,1,108.76,14.31
480,19.2,54,player,1,91.62,29.91
480,19.2,82,player,0,88.56,30.28
480,19.2,30,referee,3,72.72,49.91
480,19.2,68,referee,3,83.18,35.24
480,19.2,85,player,1,85.9,26.55
480,19.2,74,player,0,73.12,38.86
480,19.2,70,player,0,82.08,29.79
480,19.2,80,referee,3,113.17,-3.69
480,19.2,72,player,0,91.21,20.63
480,19.2,81,player,1,57.23,53.88
485,19.4,69,player,1,80.03,39.41
485,19.4,83,player,0,84.07,37.88
485,19.4,39,player,1,53.04,61.27
485,19.4,76,player,0,52.9,57.75
485,19.4,67,player,1,86.56,38.14
485,19.4,84,player,1,74.85,40.65
485,19.4,30,referee,3,72.83,50.06
485,19.4,81,player,1,57.56,53.98
485,19.4,73,player,1,65.53,45.24
485,19.4,47,player,0,75.04,41.45
485,19.4,70,player,0,81.17,30.87
485,19.4,77,player,1,100.32,25.25
485,19.4,54,player,1,91.79,29.97
485,19.4,12,player,0,61.0,49.19
485,19.4,71,player,1,109.92,13.32
485,19.4,82,player,0,88.02,30.93
485,19.4,80,referee,3,113.04,-3.41
485,19.4,59,player,0,90.4,21.5
485,19.4,85,player,1,85.48,27.14
490,19.6,39,player,1,54.63,62.56
490,19.6,83,player,0,83.38,38.94
490,19.6,81,player,1,58.77,55.73
490,19.6,67,player,1,85.55,39.09
490,19.6,73,player,1,66.24,47.1
490,19.6,69,player,1,79.88,40.44
490,19.6,77,player,1,99.15,25.74
490,19.6,86,player,0,98.18,25.85
490,19.6,54,player,1,91.55,30.31
490,19.6,47,player,0,75.1,42.89
490,19.6,75,player,0,81.63,31.44
490,19.6,71,player,1,110.73,11.66
490,19.6,82,player,0,87.59,31.82
490,19.6,85,player,1,85.68,27.84
490,19.6,12,player,0,62.17,50.96
490,19.6,30,referee,3,72.58,51.04
490,19.6,80,referee,3,121.17,-13.09
495,19.8,39,player,1,54.71,63.16
495,19.8,84,player,1,74.67,42.68
495,19.8,67,player,1,85.3,39.4
495,19.8,83,player,0,83.18,39.28
495,19.8,81,player,1,58.79,56.39
495,19.8,69,player,1,79.8,40.82
495,19.8,77,player,1,98.89,25.92
495,19.8,86,player,1,98.41,25.61
495,19.8,47,player,0,75.16,43.27
495,19.8,54,player,1,91.83,30.15
495,19.8,12,player,0,62.27,51.75
495,19.8,73,player,1,66.34,47.57
495,19.8,71,player,1,110.13,12.17
495,19.8,82,player,0,87.47,32.11
495,19.8,85,player,1,84.89,28.88
495,19.8,75,player,0,81.1,32.27
495,19.8,30,referee,3,72.52,51.35
495,19.8,80,referee,3,118.54,-9.79
495,19.8,57,player,0,90.99,21.74
500,20.0,39,player,1,55.02,63.46
500,20.0,83,player,0,83.1,39.45
500,20.0,77,player,1,98.98,25.79
500,20.0,69,player,1,80.11,40.67
500,20.0,84,player,1,74.69,42.83
500,20.0,12,player,0,62.51,52.08
500,20.0,47,player,0,75.24,43.48
500,20.0,54,player,1,91.75,30.27
500,20.0,86,player,0,98.27,25.59
500,20.0,71,player,1,110.45,11.62
500,20.0,30,referee,3,72.58,51.57
500,20.0,81,player,1,59.07,56.58
500,20.0,70,player,1,84.46,29.23
500,20.0,38,player,0,90.47,22.19
500,20.0,73,player,1,66.8,47.38
500,20.0,80,referee,3,119.01,-10.89
505,20.2,39,player,1,54.35,62.72
505,20.2,77,player,1,99.02,25.95
505,20.2,86,player,1,98.98,24.99
505,20.2,84,player,1,74.65,42.09
505,20.2,69,player,1,80.32,39.96
505,20.2,30,referee,3,72.39,51.15
505,20.2,12,player,0,62.75,50.62
505,20.2,54,player,1,92.33,29.62
505,20.2,47,player,0,75.65,42.34
505,20.2,71,player,1,110.27,12.31
505,20.2,81,player,1,58.92,55.43
505,20.2,83,player,0,83.31,38.84
505,20.2,73,player,1,66.84,46.28
510,20.4,39,player,1,89.54,92.96
510,20.4,30,referee,3,105.16,71.54
510,20.4,81,player,1,83.94,80.64
510,20.4,83,player,0,99.1,53.39
510,20.4,87,player,0,82.39,88.61
510,20.4,69,player,1,94.93,56.36
510,20.4,86,player,0,101.32,34.1
510,20.4,12,player,0,82.43,74.33
510,20.4,54,player,1,97.57,41.86
510,20.4,71,player,1,97.26,23.89
510,20.4,84,player,1,87.82,61.45
510,20.4,73,player,1,82.04,69.11
510,20.4,47,player,0,90.3,61.28
510,20.4,75,player,1,81.09,48.86
510,20.4,82,player,0,92.27,45.9
510,20.4,80,referee,3,77.87,23.76
515,20.6,39,player,1,89.49,93.09
515,20.6,30,referee,3,105.12,71.83
515,20.6,81,player,1,84.05,80.59
515,20.6,83,player,0,99.15,53.33
515,20.6,86,player,0,101.24,34.47
515,20.6,87,player,0,82.32,88.85
515,20.6,54,player,1,97.69,41.63
515,20.6,12,player,0,82.53,74.25
515,20.6,78,player,1,87.87,61.61
515,20.6,75,player,1,80.89,49.23
515,20.6,73,player,1,82.12,69.12
515,20.6,71,player,1,97.38,23.52
515,20.6,88,player,0,82.81,61.93
515,20.6,47,player,0,90.42,61.49
515,20.6,69,player,1,94.99,56.47
515,20.6,80,referee,3,77.95,23.77
515,20.6,82,player,0,92.38,45.99
520,20.8,39,player,1,89.39,93.56
520,20.8,83,player,0,99.6,53.66
520,20.8,87,player,0,82.04,88.9
520,20.8,12,player,0,82.6,74.62
520,20.8,81,player,1,84.03,80.95
520,20.8,73,player,1,82.17,69.66
520,20.8,47,player,0,90.66,61.48
520,20.8,54,player,1,98.29,41.54
520,20.8,69,player,1,95.37,56.94
520,20.8,82,player,0,92.78,46.19
520,20.8,86,player,0,101.66,35.27
520,20.8,89,referee,3,92.78,53.49
520,20.8,75,player,1,80.45,49.48
520,20.8,78,player,1,88.03,62.12
520,20.8,88,player,0,82.68,62.47
520,20.8,80,referee,3,78.09,24.58
520,20.8,71,player,1,98.15,24.01
520,20.8,30,referee,3,105.47,72.3
525,21.0,39,player,1,55.41,64.1
525,21.0,30,referee,3,105.12,75.81
525,21.0,83,player,0,68.23,40.02
525,21.0,81,player,1,45.69,48.44
525,21.0,69,player,1,58.96,39.49
525,21.0,47,player,0,51.86,40.3
525,21.0,54,player,1,61.59,29.46
525,21.0,78,player,1,48.14,39.18
525,21.0,73,player,1,42.62,40.76
525,21.0,75,player,1,39.11,30.16
525,21.0,88,player,0,42.15,37.02
525,21.0,89,referee,3,53.66,35.78
525,21.0,87,player,0,44.08,51.58
525,21.0,86,player,0,67.29,25.4
525,21.0,80,referee,3,36.09,20.1
530,21.2,39,player,1,57.32,62.96
530,21.2,90,player,1,91.33,44.64
530,21.2,81,player,1,46.44,49.14
530,21.2,83,player,0,68.58,40.27
530,21.2,69,player,1,59.12,40.29
530,21.2,47,player,0,51.79,41.04
530,21.2,12,player,0,43.42,44.35
530,21.2,73,player,1,42.49,41.93
530,21.2,87,player,0,44.86,51.91
530,21.2,88,player,0,41.06,38.18
530,21.2,89,referee,3,53.13,36.51
530,21.2,54,player,1,61.07,30.05
530,21.2,86,player,0,66.18,26.13
530,21.2,30,referee,3,105.12,71.47
530,21.2,80,referee,3,32.56,21.22
530,21.2,75,player,1,36.98,31.35
530,21.2,91,player,0,37.22,33.18
535,21.4,39,player,1,56.11,61.28
535,21.4,81,player,1,44.85,46.87
535,21.4,69,player,1,58.1,38.26
535,21.4,30,referee,3,106.35,71.7
535,21.4,87,player,0,42.83,49.29
535,21.4,73,player,1,40.31,39.11
535,21.4,12,player,0,41.43,41.64
535,21.4,89,referee,3,51.84,34.16
535,21.4,54,player,1,59.98,27.88
535,21.4,47,player,0,50.26,38.66
535,21.4,91,player,0,34.53,30.08
535,21.4,80,referee,3,29.93,18.14
535,21.4,90,player,1,91.6,43.88
535,21.4,88,player,0,38.42,35.45
535,21.4,86,player,0,65.1,24.57
535,21.4,75,player,1,34.03,27.93
540,21.6,39,player,1,55.45,60.94
540,21.6,81,player,1,44.68,46.57
540,21.6,90,player,1,91.43,43.83
540,21.6,47,player,0,49.87,38.16
540,21.6,30,referee,3,106.52,72.16
540,21.6,87,player,0,42.58,48.93
540,21.6,54,player,1,59.92,27.08
540,21.6,73,player,1,39.97,38.63
540,21.6,75,player,1,34.01,28.51
540,21.6,92,player,0,49.28,28.52
540,21.6,12,player,0,41.32,41.38
540,21.6,88,player,0,37.78,35.06
540,21.6,80,referee,3,29.46,17.58
545,21.8,39,player,1,49.07,47.05
545,21.8,81,player,1,58.94,42.48
545,21.8,90,player,1,85.53,34.1
545,21.8,30,referee,3,69.07,40.69
545,21.8,87,player,0,52.34,44.81
545,21.8,47,player,0,77.17,35.83
545,21.8,54,player,1,96.57,28.92
545,21.8,68,referee,3,84.9,32.97
545,21.8,12,player,0,64.74,39.88
545,21.8,73,player,1,68.28,38.38
545,21.8,80,referee,3,114.79,18.42
545,21.8,75,player,1,85.76,30.68
545,21.8,92,player,0,93.16,29.56
545,21.8,88,player,0,73.1,36.23
545,21.8,91,player,0,81.75,32.31
550,22.0,81,player,1,59.18,42.58
550,22.0,39,player,1,49.23,47.21
550,22.0,90,player,1,85.58,34.1
550,22.0,30,referee,3,69.12,40.78
550,22.0,68,referee,3,84.96,32.99
550,22.0,47,player,0,77.38,35.82
550,22.0,52,player,1,112.15,22.58
550,22.0,85,player,1,86.99,30.14
550,22.0,38,player,0,92.34,27.96
550,22.0,91,player,0,81.77,32.32
550,22.0,92,player,0,93.41,29.45
550,22.0,12,player,0,64.97,39.97
550,22.0,54,player,1,96.99,28.71
550,22.0,73,player,1,68.31,38.53
550,22.0,88,player,0,72.84,36.41
550,22.0,59,referee,3,114.66,18.37
555,22.2,90,player,1,85.29,34.2
555,22.2,39,player,1,49.6,47.27
555,22.2,93,player,0,100.87,27.31
555,22.2,81,player,1,59.71,42.55
555,22.2,30,referee,3,69.31,40.77
555,22.2,54,player,1,97.15,28.6
555,22.2,47,player,0,77.37,35.89
555,22.2,91,player,0,81.62,32.45
555,22.2,73,player,1,68.28,38.68
555,22.2,59,referee,3,114.49,18.25
560,22.4,39,player,1,49.54,47.45
560,22.4,90,player,1,85.16,34.26
560,22.4,81,player,1,59.66,42.71
560,22.4,93,player,0,100.61,27.37
560,22.4,30,referee,3,68.54,41.15
560,22.4,47,player,0,77.11,36.05
560,22.4,54,player,1,97.22,28.55
560,22.4,92,player,0,93.61,29.37
560,22.4,91,player,0,81.61,32.48
560,22.4,73,player,1,69.88,37.95
565,22.6,39,player,1,49.6,47.46
565,22.6,90,player,1,85.31,34.21
565,22.6,81,player,1,60.07,42.58
565,22.6,30,referee,3,68.74,41.08
565,22.6,93,player,0,100.31,27.48
565,22.6,92,player,0,93.71,29.37
565,22.6,73,player,1,70.23,37.84
565,22.6,47,player,0,77.65,35.84
565,22.6,54,player,1,97.18,28.55
565,22.6,91,player,0,83.01,31.87
565,22.6,59,referee,3,113.87,18.5
570,22.8,39,player,1,49.58,47.45
570,22.8,38,player,1,86.87,30.44
570,22.8,30,referee,3,68.73,41.07
570,22.8,95,player,1,82.85,34.27
570,22.8,90,player,1,85.25,34.22
570,22.8,81,player,1,60.39,42.43
570,22.8,93,player,0,100.35,27.45
570,22.8,54,player,1,97.05,28.6
570,22.8,96,player,0,86.09,33.34
570,22.8,47,player,0,77.66,35.83
570,22.8,73,player,1,70.18,37.86
570,22.8,91,player,0,83.66,31.62
570,22.8,97,referee,3,85.84,32.71
570,22.8,57,player,0,93.73,27.51
570,22.8,94,player,1,77.85,35.52
570,22.8,98,player,0,73.92,36.3
570,22.8,12,player,0,66.3,39.78
570,22.8,92,player,0,93.89,29.33
570,22.8,59,referee,3,113.86,18.54
575,23.0,39,player,1,49.32,45.83
575,23.0,94,player,1,77.79,35.11
575,23.0,90,player,1,85.14,34.15
575,23.0,95,player,1,82.83,34.06
575,23.0,30,referee,3,68.38,40.32
575,23.0,81,player,1,59.86,41.42
575,23.0,96,player,0,85.98,33.31
575,23.0,73,player,1,68.69,37.69
575,23.0,92,player,0,94.3,29.48
575,23.0,99,player,1,103.17,27.71
575,23.0,38,player,1,86.23,30.67
575,23.0,47,player,0,77.41,35.46
575,23.0,100,player,1,111.1,24.02
575,23.0,91,player,0,81.44,32.39
575,23.0,12,player,0,65.62,39.1
575,23.0,97,referee,3,85.57,32.75
575,23.0,98,player,0,73.49,35.9
575,23.0,57,player,0,93.56,27.86
575,23.0,59,referee,3,114.7,19.39
575,23.0,93,player,0,100.74,27.88
580,23.2,39,player,1,49.37,45.77
580,23.2,90,player,1,85.16,34.15
580,23.2,95,player,1,83.16,33.94
580,23.2,81,player,1,60.0,41.35
580,23.2,96,player,0,86.43,33.14
580,23.2,94,player,1,78.15,34.97
580,23.2,47,player,0,77.68,35.36
580,23.2,30,referee,3,69.55,39.89
580,23.2,73,player,1,68.39,37.8
580,23.2,93,player,0,100.46,27.98
580,23.2,52,player,0,108.56,24.81
580,23.2,92,player,0,94.96,29.25
580,23.2,100,player,1,110.14,24.41
580,23.2,98,player,0,73.89,35.74
580,23.2,38,player,1,86.58,30.58
580,23.2,59,referee,3,115.18,19.29
580,23.2,12,player,0,65.82,39.0
580,23.2,97,referee,3,85.49,32.78
580,23.2,91,player,0,81.93,32.21
585,23.4,101,player,0,56.68,43.59
585,23.4,90,player,1,85.59,34.11
585,23.4,94,player,1,79.57,34.79
585,23.4,39,player,1,49.63,47.27
585,23.4,30,referee,3,69.93,40.55
585,23.4,95,player,1,84.02,33.79
585,23.4,96,player,0,86.78,33.06
585,23.4,81,player,1,61.11,42.03
585,23.4,38,player,1,88.39,29.88
585,23.4,47,player,0,78.88,35.28
585,23.4,91,player,0,83.94,31.61
585,23.4,52,player,0,108.54,23.95
585,23.4,92,player,0,95.84,28.59
585,23.4,73,player,1,70.07,37.88
585,23.4,93,player,0,100.76,27.31
585,23.4,98,player,0,75.89,35.53
585,23.4,97,referee,3,86.97,32.27
585,23.4,12,player,0,67.2,39.35
585,23.4,100,player,1,109.94,23.54
585,23.4,59,referee,3,114.59,18.46
585,23.4,72,player,0,94.85,27.16
590,23.6,39,player,1,49.57,47.26
590,23.6,90,player,1,85.88,33.99
590,23.6,96,player,0,87.27,32.85
590,23.6,30,referee,3,69.87,40.55
590,23.6,81,player,1,61.16,41.99
590,23.6,91,player,0,83.88,31.68
590,23.6,97,referee,3,86.72,32.4
590,23.6,94,player,1,80.22,34.52
590,23.6,47,player,0,79.46,35.04
590,23.6,72,player,0,94.59,27.32
590,23.6,73,player,1,70.79,37.54
590,23.6,52,player,0,108.01,24.19
590,23.6,95,player,1,84.46,33.6
590,23.6,98,player,0,76.21,35.42
590,23.6,12,player,0,67.2,39.34
590,23.6,100,player,1,109.8,23.63
590,23.6,92,player,0,96.31,28.42
590,23.6,59,referee,3,115.34,18.22
590,23.6,93,player,0,101.04,27.23
590,23.6,38,player,1,88.49,29.88
595,23.8,96,player,0,87.42,32.79
595,23.8,30,referee,3,69.19,40.78
595,23.8,90,player,1,86.53,33.76
595,23.8,95,player,1,84.56,33.55
595,23.8,39,player,1,49.37,47.17
595,23.8,94,player,1,80.86,34.2
595,23.8,81,player,1,61.34,41.77
595,23.8,97,referee,3,87.12,32.22
595,23.8,47,player,0,79.71,34.91
595,23.8,102,player,1,103.19,27.16
595,23.8,98,player,0,77.08,35.02
595,23.8,91,player,0,84.86,31.25
595,23.8,52,player,0,108.41,24.09
595,23.8,12,player,0,67.41,39.14
595,23.8,93,player,0,101.21,27.22
595,23.8,38,player,1,89.09,29.59
595,23.8,100,player,1,112.92,22.43
595,23.8,73,player,1,71.3,37.21
600,24.0,90,player,1,86.7,33.69
600,24.0,96,player,0,87.23,32.85
600,24.0,39,player,1,48.74,47.36
600,24.0,30,referee,3,69.05,40.8
600,24.0,47,player,0,79.42,35.01
600,24.0,95,player,1,84.69,33.49
600,24.0,94,player,1,81.23,34.04
600,24.0,38,player,1,88.05,30.03
600,24.0,99,player,1,102.83,27.3
600,24.0,91,player,0,84.75,31.3
600,24.0,73,player,1,70.31,37.6
600,24.0,97,referee,3,87.03,32.25
600,24.0,93,player,0,100.92,27.36
600,24.0,98,player,0,76.64,35.23
600,24.0,12,player,0,67.12,39.23
600,24.0,52,player,0,107.39,24.5
600,24.0,59,referee,3,114.5,18.72
600,24.0,72,player,0,94.62,27.33
605,24.2,90,player,1,87.03,33.58
605,24.2,94,player,1,81.47,33.93
605,24.2,39,player,1,48.54,47.26
605,24.2,95,player,1,84.85,33.41
605,24.2,96,player,0,87.25,32.85
605,24.2,99,player,1,102.78,27.39
605,24.2,47,player,0,79.87,34.8
605,24.2,93,player,0,100.77,27.5
605,24.2,91,player,0,84.98,31.24
605,24.2,98,player,0,77.14,35.01
605,24.2,38,player,1,88.84,29.66
605,24.2,97,referee,3,87.11,32.22
605,24.2,73,player,1,70.91,37.25
605,24.2,12,player,0,66.88,39.23
605,24.2,59,referee,3,114.94,18.65
605,24.2,30,referee,3,69.56,40.54
610,24.4,39,player,1,48.44,47.15
610,24.4,90,player,1,87.41,33.44
610,24.4,95,player,1,84.83,33.4
610,24.4,96,player,0,87.16,32.89
610,24.4,103,player,0,57.81,42.72
610,24.4,93,player,0,100.81,27.54
610,24.4,73,player,1,70.73,37.25
610,24.4,30,referee,3,68.87,40.74
610,24.4,47,player,0,79.75,34.8
610,24.4,97,referee,3,86.86,32.3
610,24.4,12,player,0,66.94,39.14
610,24.4,94,player,1,82.12,33.63
610,24.4,59,referee,3,114.87,18.78
610,24.4,38,player,1,89.03,29.53
610,24.4,91,player,0,85.57,30.98
610,24.4,98,player,0,77.35,34.9
610,24.4,72,player,0,93.93,27.69
615,24.6,39,player,1,48.49,47.02
615,24.6,103,player,0,58.16,42.53
615,24.6,104,player,1,60.46,41.74
615,24.6,90,player,1,87.64,33.38
615,24.6,96,player,0,87.14,32.91
615,24.6,73,player,1,71.26,36.96
615,24.6,95,player,1,85.22,33.25
615,24.6,30,referee,3,69.19,40.59
615,24.6,98,player,0,77.36,34.9
615,24.6,94,player,1,82.15,33.63
615,24.6,89,player,0,94.8,29.07
615,24.6,91,player,0,86.13,30.8
615,24.6,12,player,0,66.93,39.11
615,24.6,47,player,0,80.01,34.69
615,24.6,59,referee,3,115.13,18.72
620,24.8,90,player,1,87.61,33.36
620,24.8,39,player,1,48.13,47.0
620,24.8,95,player,1,84.71,33.41
620,24.8,30,referee,3,69.1,40.53
620,24.8,104,player,1,59.96,41.8
620,24.8,96,player,0,86.79,33.01
620,24.8,103,player,0,57.74,42.54
620,24.8,72,player,0,93.91,27.73
620,24.8,73,player,1,71.6,36.68
620,24.8,98,player,0,77.08,34.92
620,24.8,77,player,0,99.4,28.2
620,24.8,94,player,1,82.19,33.54
620,24.8,86,player,0,104.74,25.65
620,24.8,47,player,0,79.6,34.79
620,24.8,12,player,0,66.72,39.08
620,24.8,97,referee,3,86.45,32.42
620,24.8,59,referee,3,114.3,19.14
620,24.8,38,player,0,88.61,29.67
620,24.8,91,player,0,85.92,30.87
625,25.0,39,player,1,58.25,62.55
625,25.0,104,player,1,47.53,47.42
625,25.0,103,player,0,47.02,48.33
625,25.0,90,player,1,97.37,41.93
625,25.0,96,player,0,71.07,37.36
625,25.0,77,player,0,69.81,25.72
625,25.0,94,player,1,48.94,35.03
625,25.0,30,referee,3,108.08,71.16
625,25.0,73,player,1,40.96,37.82
625,25.0,95,player,1,61.74,36.66
625,25.0,72,player,0,37.03,26.43
625,25.0,47,player,0,52.3,37.48
625,25.0,12,player,0,45.7,42.71
625,25.0,59,referee,3,32.09,18.25
625,25.0,91,player,0,37.96,30.08
625,25.0,97,referee,3,55.23,34.01
625,25.0,98,player,0,44.08,36.51
630,25.2,90,player,1,87.44,37.53
630,25.2,104,player,1,61.26,53.53
630,25.2,95,player,1,84.5,36.51
630,25.2,39,player,1,53.41,63.46
630,25.2,96,player,0,86.31,36.28
630,25.2,72,player,0,94.21,17.88
630,25.2,103,player,0,59.49,55.07
630,25.2,73,player,1,71.03,41.57
630,25.2,47,player,0,79.75,38.67
630,25.2,30,referee,3,72.51,51.19
630,25.2,68,referee,3,85.79,33.9
630,25.2,94,player,1,81.78,35.69
630,25.2,98,player,0,76.24,38.69
630,25.2,91,player,0,85.25,27.01
630,25.2,12,player,0,66.41,48.4
630,25.2,59,referee,3,121.09,-12.32
635,25.4,39,player,1,51.45,61.91
635,25.4,90,player,1,88.65,36.57
635,25.4,30,referee,3,72.78,49.98
635,25.4,95,player,1,85.3,35.3
635,25.4,96,player,0,87.09,35.34
635,25.4,103,player,0,58.57,52.96
635,25.4,73,player,1,71.24,39.32
635,25.4,81,player,0,65.83,46.39
635,25.4,47,player,0,79.91,37.47
635,25.4,104,player,1,60.5,51.25
635,25.4,59,referee,3,115.32,-4.04
635,25.4,91,player,0,84.71,26.96
635,25.4,94,player,1,82.5,34.01
635,25.4,38,player,1,85.29,25.58
640,25.6,39,player,1,50.54,62.31
640,25.6,73,player,1,72.58,39.46
640,25.6,90,player,1,88.29,36.62
640,25.6,95,player,1,85.88,35.15
640,25.6,47,player,0,80.69,37.39
640,25.6,30,referee,3,71.83,50.02
640,25.6,104,player,1,60.58,51.61
640,25.6,103,player,0,58.48,53.39
640,25.6,38,player,1,89.18,23.91
640,25.6,59,referee,3,120.89,-5.2
640,25.6,96,player,0,87.26,35.34
645,25.8,39,player,1,92.84,95.0
645,25.8,96,player,0,98.95,47.67
645,25.8,30,referee,3,104.65,69.78
645,25.8,95,player,1,96.26,49.38
645,25.8,90,player,1,104.11,46.12
645,25.8,88,player,1,84.9,63.31
645,25.8,105,player,0,99.92,35.3
645,25.8,103,player,0,88.59,81.89
645,25.8,104,player,1,88.27,78.92
645,25.8,91,player,0,84.01,42.61
645,25.8,71,player,1,95.31,21.61
645,25.8,80,referee,3,80.7,23.3
645,25.8,38,player,0,84.6,50.12
650,26.0,39,player,1,58.68,61.8
650,26.0,30,referee,3,106.44,80.11
650,26.0,105,player,0,76.69,23.34
650,26.0,96,player,0,73.77,32.86
650,26.0,95,player,1,65.39,30.46
650,26.0,103,player,1,49.73,40.52
650,26.0,86,player,1,61.33,8.63
650,26.0,88,player,1,45.32,27.39
655,26.2,39,player,1,59.22,62.15
655,26.2,30,referee,3,106.0,80.22
655,26.2,87,player,1,45.53,27.64
655,26.2,96,player,0,74.16,33.65
655,26.2,95,player,1,65.68,30.63
655,26.2,38,player,0,44.24,16.15
655,26.2,104,player,0,49.04,37.38
655,26.2,101,player,1,49.93,40.87
655,26.2,105,player,0,77.1,23.85
660,26.4,39,player,0,60.2,62.98
660,26.4,96,player,0,74.59,34.11
660,26.4,104,player,0,49.15,37.93
660,26.4,105,player,0,77.76,25.82
660,26.4,94,player,0,54.41,23.1
660,26.4,95,player,1,65.81,30.53
660,26.4,47,referee,3,57.95,27.87
660,26.4,101,player,1,50.36,41.4
665,26.6,95,player,1,68.01,31.71
665,26.6,105,player,0,79.78,27.01
665,26.6,96,player,0,76.48,35.32
665,26.6,69,player,1,63.7,21.43
665,26.6,101,player,1,52.43,44.45
665,26.6,78,player,0,46.6,21.94
665,26.6,104,player,0,50.8,40.65
670,26.8,96,player,0,76.67,35.27
670,26.8,105,player,0,79.84,26.93
670,26.8,73,player,0,50.56,30.9
670,26.8,95,player,1,68.14,31.02
670,26.8,101,player,1,52.54,44.46
670,26.8,78,player,0,47.32,22.57
675,27.0,73,player,0,50.64,31.71
675,27.0,95,player,1,68.32,31.65
675,27.0,105,player,0,80.68,28.79
675,27.0,96,player,0,77.17,35.79
675,27.0,101,player,1,52.89,45.2
675,27.0,106,player,0,60.55,33.86
675,27.0,98,player,1,55.63,27.97
675,27.0,78,player,0,47.52,23.23
680,27.2,95,player,1,68.55,30.99
680,27.2,68,player,1,63.78,21.96
680,27.2,88,player,0,50.19,31.4
680,27.2,101,player,1,52.84,45.03
680,27.2,106,player,0,61.19,34.84
680,27.2,98,player,1,55.69,27.68
685,27.4,107,referee,3,102.3,79.04
685,27.4,95,player,1,68.73,31.14
685,27.4,68,player,1,63.68,21.92
685,27.4,106,player,0,61.57,35.12
685,27.4,101,player,1,52.91,45.15
685,27.4,87,player,0,47.64,23.54
690,27.6,107,referee,3,102.23,79.17
690,27.6,109,player,0,54.88,51.42
690,27.6,68,player,1,63.84,22.52
690,27.6,106,player,0,62.0,35.59
690,27.6,101,player,1,53.1,45.62
690,27.6,95,player,1,69.12,31.02
690,27.6,108,player,1,48.07,28.93
690,27.6,78,player,0,47.98,24.18
695,27.8,107,referee,3,102.46,79.37
695,27.8,110,player,1,96.06,48.73
695,27.8,109,player,0,56.07,52.99
695,27.8,68,player,1,63.93,23.03
695,27.8,106,player,0,62.53,36.38
695,27.8,101,player,1,53.39,46.18
695,27.8,108,player,1,47.25,27.05
695,27.8,78,player,0,48.11,24.98
700,28.0,110,player,1,96.04,49.78
700,28.0,68,player,1,64.2,23.48
700,28.0,112,referee,3,59.49,31.47
700,28.0,109,player,0,56.98,54.04
700,28.0,101,player,1,53.41,46.6
700,28.0,107,referee,3,102.78,79.32
700,28.0,78,player,0,48.16,25.51
700,28.0,111,player,1,55.86,29.45
705,28.2,110,player,1,96.26,50.23
705,28.2,107,referee,3,102.99,79.51
705,28.2,68,player,1,64.29,23.42
705,28.2,113,player,1,84.48,32.33
705,28.2,112,referee,3,59.45,31.62
705,28.2,116,player,0,83.01,33.39
705,28.2,111,player,1,55.82,29.8
705,28.2,101,player,1,53.7,47.45
705,28.2,78,player,0,48.12,26.04
705,28.2,114,player,0,59.13,20.94
705,28.2,115,player,1,59.23,9.71
710,28.4,110,player,1,96.22,51.54
710,28.4,113,player,1,84.84,32.37
710,28.4,116,player,0,83.35,33.94
710,28.4,112,referee,3,59.7,32.41
710,28.4,107,referee,3,103.21,79.42
710,28.4,68,player,1,64.63,24.21
710,28.4,115,player,1,58.9,9.79
710,28.4,111,player,1,55.53,30.43
710,28.4,78,player,0,47.89,26.42
710,28.4,101,player,1,54.04,48.9
710,28.4,114,player,0,59.4,22.11
710,28.4,117,player,0,52.4,47.06
715,28.6,110,player,1,95.93,52.4
715,28.6,112,referee,3,59.74,32.43
715,28.6,114,player,0,59.29,21.91
715,28.6,118,player,1,46.68,22.26
715,28.6,115,player,1,58.48,9.0
715,28.6,101,player,1,53.72,49.42
715,28.6,107,referee,3,103.34,79.58
715,28.6,111,player,1,55.43,31.3
715,28.6,68,player,1,64.8,24.33
715,28.6,113,player,1,85.32,32.57
715,28.6,78,player,0,48.54,28.3
715,28.6,117,player,0,52.39,47.43
720,28.8,110,player,1,96.2,53.12
720,28.8,112,referee,3,59.81,32.49
720,28.8,113,player,1,85.74,32.39
720,28.8,68,player,1,64.94,24.12
720,28.8,111,player,1,55.15,32.0
720,28.8,88,player,0,51.44,36.37
720,28.8,118,player,1,46.67,22.22
720,28.8,107,referee,3,103.56,79.49
720,28.8,114,player,0,59.41,22.36
720,28.8,115,player,1,58.17,8.63
720,28.8,116,player,0,83.82,34.88
720,28.8,78,player,0,46.65,25.07
720,28.8,117,player,1,52.3,48.05
725,29.0,110,player,1,96.57,53.98
725,29.0,68,player,1,65.18,24.47
725,29.0,88,player,0,51.64,37.14
725,29.0,116,player,0,84.1,35.38
725,29.0,113,player,1,86.13,32.68
725,29.0,118,player,1,46.7,22.67
725,29.0,112,referee,3,59.92,33.01
725,29.0,107,referee,3,103.83,79.49
725,29.0,114,player,0,59.41,22.61
725,29.0,115,player,1,58.06,8.98
725,29.0,117,player,0,52.13,48.59
725,29.0,78,player,0,47.0,26.87
725,29.0,111,player,1,54.87,32.84
730,29.2,110,player,1,97.32,55.16
730,29.2,107,referee,3,104.4,79.82
730,29.2,88,player,0,51.62,37.42
730,29.2,113,player,1,86.77,32.52
730,29.2,112,referee,3,60.08,32.85
730,29.2,115,player,1,58.28,9.0
730,29.2,116,player,0,84.73,35.48
730,29.2,118,player,1,47.01,22.9
730,29.2,111,player,1,54.6,33.55
730,29.2,78,player,0,47.0,26.65
730,29.2,117,player,0,51.75,48.81
735,29.4,112,referee,3,60.49,33.96
735,29.4,113,player,1,87.47,33.38
735,29.4,119,player,1,53.85,53.21
735,29.4,88,player,0,52.06,39.19
735,29.4,120,player,1,49.74,31.97
735,29.4,116,player,0,85.22,36.61
735,29.4,111,player,1,54.49,34.37
735,29.4,107,referee,3,104.8,80.11
735,29.4,118,player,1,46.85,23.02
735,29.4,117,player,0,52.09,49.72
740,29.6,88,player,0,51.55,39.04
740,29.6,113,player,1,88.01,32.96
740,29.6,118,player,1,46.88,23.2
740,29.6,112,referee,3,60.56,33.86
740,29.6,107,referee,3,105.01,79.54
740,29.6,120,player,1,49.7,32.02
740,29.6,116,player,0,85.44,36.32
740,29.6,119,player,1,53.89,53.79
740,29.6,117,player,0,51.62,49.55
740,29.6,111,player,1,54.16,35.4
745,29.8,112,referee,3,60.77,34.2
745,29.8,113,player,1,88.36,33.0
745,29.8,118,player,1,46.86,23.24
745,29.8,111,player,1,53.89,35.9
745,29.8,121,player,0,54.4,33.57
745,29.8,116,player,0,85.58,36.31
745,29.8,119,player,1,54.14,55.17
745,29.8,88,player,0,50.9,39.31
745,29.8,120,player,1,49.48,32.39
745,29.8,117,player,0,51.87,50.86
745,29.8,107,referee,3,105.03,78.98
